Transaction_ID,Sender_Account_ID,Receiver_Account_ID,Transaction_Amount,Transaction_Type,Fraud_Flag
TXN9520068950,ACC14994,ACC16656,495.9,Deposit,True
TXN9412011085,ACC58958,ACC32826,529.62,Withdrawal,False
TXN4407425052,ACC56321,ACC92481,862.47,Withdrawal,False
TXN2214150284,ACC48650,ACC76457,1129.88,Transfer,True
TXN4247571145,ACC60921,ACC11419,933.24,Deposit,True
TXN2515439857,ACC18381,ACC76710,449.56,Withdrawal,False
TXN2169752734,ACC43792,ACC51105,72.97,Withdrawal,True
TXN3109277527,ACC48227,ACC93536,1135.8,Deposit,True
TXN4541918858,ACC10284,ACC24018,1154.59,Withdrawal,False
TXN4229370499,ACC11531,ACC53580,683.48,Transfer,True
TXN6355066290,ACC14006,ACC27800,485.37,Transfer,True
TXN2166128709,ACC11156,ACC57086,1356.77,Deposit,False
TXN8655304785,ACC62917,ACC77317,385.43,Deposit,False
TXN5194651812,ACC39081,ACC11992,394.76,Deposit,False
TXN9153984217,ACC34065,ACC67993,620.34,Deposit,False
TXN9743166792,ACC82066,ACC33985,579.65,Transfer,False
TXN6682052855,ACC68764,ACC53807,1171.23,Transfer,False
TXN4351744832,ACC55704,ACC24911,817.55,Deposit,False
TXN5897093700,ACC70859,ACC83767,113.95,Deposit,False
TXN5863399870,ACC73740,ACC39244,906.82,Transfer,False
TXN3008400720,ACC96801,ACC67913,402.18,Withdrawal,False
TXN8954205071,ACC49428,ACC33014,154.78,Transfer,True
TXN8076969401,ACC81687,ACC75202,762.55,Deposit,False
TXN5541586171,ACC72546,ACC73085,1196.23,Withdrawal,False
TXN2415439100,ACC92329,ACC71125,1414.14,Transfer,False
TXN4822238918,ACC27604,ACC93416,276.76,Withdrawal,True
TXN3884612815,ACC79800,ACC11375,1453.39,Withdrawal,False
TXN5126223597,ACC49116,ACC36754,826.75,Withdrawal,True
TXN7417651729,ACC26106,ACC21043,1371.8,Transfer,True
TXN7538176865,ACC40510,ACC11454,604.25,Transfer,True
TXN3914566506,ACC45926,ACC76590,979.89,Withdrawal,False
TXN6302601632,ACC91042,ACC98945,129.78,Transfer,True
TXN2088036535,ACC66635,ACC27770,884.55,Transfer,True
TXN1675844695,ACC32328,ACC14535,250.27,Transfer,False
TXN6661143500,ACC94124,ACC34396,1227.89,Transfer,False
TXN3325189406,ACC51150,ACC42784,743.4,Transfer,False
TXN6805586313,ACC13179,ACC18973,852.42,Withdrawal,False
TXN2113838138,ACC59845,ACC47976,92.6,Withdrawal,False
TXN2956253396,ACC98407,ACC76557,499.18,Withdrawal,True
TXN9549826715,ACC39544,ACC52922,910.24,Withdrawal,False
TXN7131992962,ACC25089,ACC78786,992.8,Withdrawal,True
TXN2209185137,ACC97614,ACC48951,793.95,Deposit,False
TXN2465139688,ACC21498,ACC64106,1483.75,Transfer,False
TXN4231576514,ACC33069,ACC45185,944.51,Withdrawal,True
TXN6050985831,ACC90300,ACC78072,1093.14,Withdrawal,False
TXN6614511449,ACC14564,ACC10609,326.66,Withdrawal,True
TXN1408798870,ACC88133,ACC15217,819.69,Transfer,False
TXN2483635578,ACC33701,ACC13238,436.83,Withdrawal,False
TXN4437479248,ACC45830,ACC66726,480.29,Withdrawal,True
TXN1414294833,ACC24121,ACC36934,681.23,Deposit,False
TXN3244921303,ACC69633,ACC88988,434.31,Withdrawal,True
TXN4585920895,ACC47679,ACC51725,196.41,Deposit,False
TXN3085164852,ACC74608,ACC33619,144.1,Transfer,False
TXN4215761542,ACC49303,ACC99378,313.72,Deposit,True
TXN2921000330,ACC74920,ACC58633,209.97,Withdrawal,False
TXN1245169622,ACC91787,ACC54608,879.63,Withdrawal,True
TXN3864456208,ACC52721,ACC22595,906.98,Withdrawal,True
TXN2157994961,ACC60872,ACC56165,1017.3,Deposit,True
TXN3293165874,ACC43244,ACC67743,972.39,Withdrawal,True
TXN2467998038,ACC92520,ACC54323,1436.77,Withdrawal,False
TXN4014434434,ACC50922,ACC98669,1094.34,Transfer,False
TXN5548725719,ACC49858,ACC26440,1235.27,Deposit,False
TXN8905996384,ACC15856,ACC12045,737.12,Deposit,False
TXN6478721697,ACC74483,ACC16913,524.38,Deposit,True
TXN4336351484,ACC80523,ACC75671,940.3,Deposit,True
TXN5262577229,ACC23680,ACC21510,339.18,Deposit,False
TXN9214993999,ACC59081,ACC63217,713.85,Withdrawal,True
TXN6819290771,ACC89817,ACC51611,1069.09,Withdrawal,True
TXN6762754838,ACC88574,ACC43420,311.12,Withdrawal,False
TXN6621010350,ACC62557,ACC33681,1393.36,Transfer,False
TXN2716831379,ACC36992,ACC58355,412.43,Transfer,False
TXN4412754237,ACC52000,ACC38394,1246.4,Transfer,False
TXN9958195472,ACC73496,ACC80439,713.43,Withdrawal,True
TXN6513452870,ACC66844,ACC30757,497.06,Deposit,True
TXN9430193570,ACC18315,ACC68473,480.26,Deposit,True
TXN6154853073,ACC37651,ACC65346,1446.89,Withdrawal,True
TXN8166922226,ACC26967,ACC15608,72.36,Withdrawal,False
TXN1289142632,ACC66840,ACC46222,1177.64,Transfer,False
TXN8741905833,ACC67128,ACC77786,1495.01,Transfer,True
TXN4267987212,ACC31799,ACC80677,235.44,Withdrawal,True
TXN2821070438,ACC57649,ACC31216,572.09,Transfer,False
TXN1672215014,ACC57995,ACC32223,513.84,Withdrawal,True
TXN8113502181,ACC67528,ACC13653,899.08,Deposit,False
TXN9237255174,ACC54120,ACC50698,765.31,Deposit,True
TXN3528546769,ACC13553,ACC11678,677.07,Transfer,False
TXN5396087707,ACC18004,ACC86789,1468.89,Transfer,False
TXN7046403704,ACC90900,ACC53471,1344.01,Withdrawal,False
TXN6246207885,ACC34364,ACC98698,571.22,Transfer,False
TXN3337399700,ACC13343,ACC89104,1480.16,Deposit,False
TXN5508021804,ACC93597,ACC89011,980.64,Deposit,False
TXN5377295849,ACC94970,ACC40110,989.51,Withdrawal,True
TXN5873377008,ACC25767,ACC52947,724.95,Withdrawal,False
TXN6379637727,ACC88149,ACC56767,437.44,Transfer,True
TXN6032073253,ACC29569,ACC67695,1149.48,Transfer,False
TXN4435141979,ACC29421,ACC13222,1279.44,Transfer,False
TXN2596037056,ACC51541,ACC16323,1240.14,Withdrawal,True
TXN2003291230,ACC54543,ACC59805,1303.52,Withdrawal,True
TXN3688688205,ACC66486,ACC23899,526.37,Withdrawal,False
TXN2239357669,ACC97992,ACC87898,1269.91,Withdrawal,False
TXN5485668345,ACC46185,ACC54485,616.37,Transfer,True
TXN1251635719,ACC66754,ACC83421,196.79,Transfer,False
TXN6762132763,ACC88711,ACC75053,252.77,Withdrawal,True
TXN8623160750,ACC77809,ACC75035,762.47,Withdrawal,False
TXN5936318239,ACC34015,ACC98334,1349.84,Withdrawal,True
TXN9200557220,ACC11202,ACC23780,140.0,Transfer,True
TXN6966473752,ACC90065,ACC76152,1406.15,Transfer,False
TXN7094903743,ACC67955,ACC99356,929.9,Transfer,False
TXN8282202403,ACC89596,ACC40926,315.13,Withdrawal,False
TXN2346550714,ACC59386,ACC31436,275.22,Deposit,False
TXN3001048865,ACC64461,ACC44992,1054.67,Transfer,False
TXN3954388296,ACC33685,ACC32275,1258.41,Transfer,False
TXN4350246343,ACC81201,ACC20704,217.56,Transfer,True
TXN3226960880,ACC83398,ACC99759,1174.55,Transfer,False
TXN7891760943,ACC69922,ACC52904,1042.62,Transfer,True
TXN1937189886,ACC43888,ACC87309,51.89,Deposit,False
TXN4264661286,ACC52163,ACC31994,757.11,Withdrawal,True
TXN3465692464,ACC53784,ACC66043,802.33,Transfer,True
TXN5769283480,ACC14634,ACC44684,556.32,Transfer,True
TXN8525219190,ACC54648,ACC11205,256.48,Withdrawal,True
TXN9707155018,ACC68228,ACC39270,538.85,Deposit,False
TXN1600361546,ACC83231,ACC28803,703.98,Withdrawal,True
TXN5364984512,ACC68793,ACC11919,573.31,Deposit,True
TXN9190915445,ACC22862,ACC56214,1317.9,Deposit,False
TXN9993789277,ACC93052,ACC75393,717.18,Deposit,False
TXN4326221784,ACC81249,ACC67099,585.21,Withdrawal,True
TXN3052947958,ACC14822,ACC75071,370.03,Withdrawal,False
TXN1092084478,ACC81497,ACC20308,1091.12,Deposit,True
TXN9572905121,ACC17884,ACC81417,1181.48,Transfer,True
TXN5843964744,ACC50985,ACC96391,614.35,Deposit,False
TXN7450665604,ACC66864,ACC51253,459.03,Deposit,True
TXN8164649264,ACC91303,ACC96936,570.25,Withdrawal,False
TXN5795848137,ACC91551,ACC53217,1080.96,Withdrawal,True
TXN8343278895,ACC34139,ACC73264,206.11,Withdrawal,False
TXN6206308673,ACC50016,ACC16610,906.4,Transfer,False
TXN5071554698,ACC30548,ACC13373,1234.97,Deposit,False
TXN6341592948,ACC32012,ACC88630,864.07,Transfer,False
TXN6010804010,ACC59380,ACC52745,1168.41,Withdrawal,False
TXN6766899632,ACC22489,ACC48565,1063.01,Transfer,False
TXN3026357479,ACC96637,ACC45161,578.36,Withdrawal,True
TXN9295124367,ACC79913,ACC57156,389.42,Withdrawal,True
TXN1661230242,ACC56152,ACC48714,559.62,Deposit,True
TXN1971749955,ACC51032,ACC88363,176.97,Deposit,True
TXN7902609594,ACC80258,ACC57380,537.6,Transfer,True
TXN7992166468,ACC58190,ACC24649,561.3,Withdrawal,True
TXN4342664555,ACC90317,ACC33256,1135.83,Transfer,True
TXN8112417243,ACC77643,ACC94743,499.93,Transfer,True
TXN1337209397,ACC47312,ACC44295,889.23,Withdrawal,True
TXN3239483041,ACC69369,ACC27407,638.84,Withdrawal,False
TXN8594411611,ACC61170,ACC73104,1456.87,Deposit,True
TXN6822123619,ACC71070,ACC58930,561.06,Deposit,True
TXN6454901818,ACC18477,ACC35128,1465.1,Transfer,False
TXN3094737504,ACC55747,ACC43787,753.03,Transfer,True
TXN1325800005,ACC53355,ACC88440,1421.77,Deposit,False
TXN3721860915,ACC35584,ACC13364,1293.2,Transfer,True
TXN8960596167,ACC77337,ACC14932,1080.33,Transfer,False
TXN8567860618,ACC30119,ACC99246,976.88,Withdrawal,False
TXN2567753845,ACC79919,ACC39708,1250.33,Deposit,True
TXN1783258965,ACC79528,ACC94835,560.21,Deposit,True
TXN6569078109,ACC59886,ACC77651,604.58,Withdrawal,False
TXN2359071560,ACC14335,ACC98744,724.63,Deposit,False
TXN8283960952,ACC82403,ACC83827,486.01,Transfer,True
TXN4210826474,ACC11545,ACC80855,883.68,Transfer,True
TXN6009434046,ACC39012,ACC39126,750.92,Transfer,True
TXN1719512608,ACC73354,ACC33847,1065.66,Deposit,True
TXN6960545700,ACC94010,ACC90072,475.88,Withdrawal,False
TXN4205537111,ACC84409,ACC68618,1121.31,Transfer,False
TXN4387242707,ACC62867,ACC58378,308.66,Withdrawal,False
TXN1231957148,ACC22767,ACC15053,841.79,Withdrawal,True
TXN5388880723,ACC99165,ACC71591,189.14,Transfer,True
TXN2331276401,ACC97833,ACC23301,1054.35,Deposit,False
TXN2332983910,ACC19647,ACC41163,1483.09,Transfer,False
TXN9541784204,ACC84924,ACC47753,645.4,Withdrawal,False
TXN9572855642,ACC79077,ACC60005,536.4,Transfer,True
TXN1422419582,ACC99315,ACC69134,1098.59,Transfer,True
TXN5779708393,ACC50669,ACC36490,1096.78,Transfer,True
TXN4181704626,ACC95406,ACC83717,258.8,Deposit,True
TXN8861420026,ACC49511,ACC53019,1372.5,Transfer,True
TXN3799698655,ACC24754,ACC27643,549.88,Deposit,False
TXN7810281706,ACC22851,ACC79506,472.7,Transfer,True
TXN9850226469,ACC37786,ACC76771,296.54,Transfer,True
TXN3750511080,ACC88972,ACC28381,435.39,Transfer,True
TXN1548767950,ACC11070,ACC77895,1445.47,Deposit,False
TXN6414718450,ACC40091,ACC54913,334.45,Transfer,True
TXN5456147067,ACC30350,ACC43122,457.97,Transfer,False
TXN7966767439,ACC88548,ACC75385,1304.37,Transfer,True
TXN2768153137,ACC45808,ACC45800,936.43,Transfer,False
TXN5246873289,ACC42742,ACC85405,1228.0,Withdrawal,True
TXN8359126525,ACC48193,ACC86891,615.2,Deposit,False
TXN4034217983,ACC88799,ACC48171,1231.61,Deposit,True
TXN2357448364,ACC53364,ACC51280,349.49,Withdrawal,False
TXN3342617288,ACC99232,ACC40298,454.59,Deposit,True
TXN7830195715,ACC24247,ACC15009,657.19,Deposit,False
TXN8864740605,ACC16485,ACC31111,1149.81,Deposit,True
TXN8449877320,ACC33934,ACC55639,298.71,Withdrawal,False
TXN1640299129,ACC32963,ACC77206,1060.59,Withdrawal,False
TXN9838700245,ACC99387,ACC82129,988.73,Withdrawal,True
TXN5922675949,ACC24773,ACC49515,1026.97,Transfer,False
TXN3099410634,ACC45867,ACC31061,69.81,Withdrawal,False
TXN3775779664,ACC31302,ACC92735,716.02,Withdrawal,False
TXN7459821975,ACC85542,ACC68798,865.15,Deposit,True
TXN8075491777,ACC22964,ACC67828,1226.35,Transfer,True
TXN1288003827,ACC90218,ACC96495,99.03,Transfer,False
TXN4769969230,ACC62274,ACC60301,58.13,Withdrawal,False
TXN9703349688,ACC12686,ACC24401,103.8,Withdrawal,False
TXN1191908152,ACC68233,ACC96195,729.84,Deposit,True
TXN8215188209,ACC74353,ACC33742,755.82,Deposit,False
TXN2591216678,ACC16273,ACC80059,406.25,Deposit,False
TXN1657854140,ACC80448,ACC17647,531.26,Transfer,False
TXN6423807883,ACC57145,ACC33986,280.31,Transfer,False
TXN2911402677,ACC68322,ACC44762,1365.35,Transfer,False
TXN3004498462,ACC41245,ACC33168,914.96,Deposit,False
TXN8761342560,ACC33864,ACC18989,1081.34,Deposit,True
TXN9179726148,ACC70138,ACC15338,993.15,Deposit,True
TXN2407769213,ACC35352,ACC22759,286.5,Transfer,False
TXN8132394228,ACC16963,ACC95542,229.22,Deposit,False
TXN7938524187,ACC54368,ACC39408,594.59,Transfer,True
TXN6872957419,ACC90513,ACC47248,1090.28,Transfer,False
TXN8900635637,ACC94120,ACC38990,1229.47,Withdrawal,False
TXN3907059390,ACC92957,ACC88670,827.28,Transfer,True
TXN8299674970,ACC68128,ACC30369,985.95,Withdrawal,True
TXN7343962419,ACC85096,ACC86376,854.53,Withdrawal,True
TXN5245549593,ACC18763,ACC62616,1170.07,Withdrawal,False
TXN4345176866,ACC70246,ACC68622,1196.04,Deposit,True
TXN1560479237,ACC90210,ACC78955,99.09,Deposit,False
TXN5092379896,ACC51099,ACC58882,420.86,Deposit,False
TXN6843260624,ACC51051,ACC92100,292.99,Withdrawal,False
TXN8489127084,ACC68214,ACC69691,996.89,Withdrawal,True
TXN7338773006,ACC37632,ACC15124,1040.45,Transfer,False
TXN5880566258,ACC66001,ACC91457,476.97,Transfer,False
TXN2413731893,ACC49033,ACC49745,241.5,Deposit,True
TXN4537775371,ACC23590,ACC29213,463.4,Deposit,False
TXN9281433787,ACC89865,ACC80153,950.03,Deposit,True
TXN5874991898,ACC67656,ACC83670,499.71,Transfer,True
TXN3291589485,ACC85126,ACC72358,978.12,Deposit,True
TXN1349130936,ACC61457,ACC40460,692.55,Deposit,True
TXN8148340158,ACC21753,ACC20750,569.57,Deposit,False
TXN9928470605,ACC51910,ACC64761,766.78,Transfer,False
TXN2200351148,ACC22516,ACC13675,1364.8,Withdrawal,False
TXN4624273975,ACC24347,ACC81604,287.89,Deposit,True
TXN9937533232,ACC37249,ACC24107,1012.1,Transfer,True
TXN1696527060,ACC44804,ACC26269,1497.76,Transfer,True
TXN7597097822,ACC86387,ACC40915,477.66,Transfer,False
TXN2915893387,ACC49543,ACC87457,895.62,Transfer,False
TXN4827977949,ACC60988,ACC50730,176.46,Transfer,True
TXN6617448958,ACC14377,ACC64719,53.53,Deposit,True
TXN6280767843,ACC90421,ACC28114,233.95,Deposit,False
TXN5271444103,ACC37740,ACC86799,1058.41,Transfer,False
TXN1536273608,ACC96845,ACC91092,599.56,Deposit,True
TXN3937314067,ACC92362,ACC12289,429.38,Transfer,False
TXN2720807903,ACC93407,ACC21651,1434.83,Withdrawal,False
TXN7452848702,ACC88337,ACC60532,892.35,Transfer,True
TXN4755755598,ACC65228,ACC34461,1009.5,Withdrawal,True
TXN1760011640,ACC94252,ACC77910,407.18,Deposit,False
TXN6811608436,ACC60684,ACC15125,530.77,Transfer,True
TXN8157291340,ACC85639,ACC80929,548.93,Transfer,True
TXN6948194620,ACC36199,ACC30649,934.63,Deposit,False
TXN3765488448,ACC74791,ACC19859,985.07,Transfer,True
TXN5349103389,ACC84937,ACC14567,1157.76,Withdrawal,True
TXN3634235632,ACC70124,ACC20440,256.07,Withdrawal,False
TXN3987830639,ACC47706,ACC73922,1222.13,Withdrawal,False
TXN6827741081,ACC40276,ACC13338,97.22,Withdrawal,False
TXN7760115770,ACC82828,ACC36212,474.4,Transfer,False
TXN2349552755,ACC20603,ACC64354,63.23,Transfer,False
TXN2205129655,ACC32633,ACC42325,1464.96,Deposit,False
TXN5544938025,ACC60930,ACC55417,806.29,Deposit,True
TXN8520574795,ACC48834,ACC48167,1181.75,Deposit,True
TXN1987186978,ACC11072,ACC37746,201.5,Transfer,False
TXN6111915454,ACC46679,ACC27556,128.78,Transfer,False
TXN5332044415,ACC76092,ACC29666,439.79,Withdrawal,True
TXN7915670502,ACC23770,ACC81872,1011.54,Deposit,True
TXN2643911906,ACC42513,ACC94355,483.75,Deposit,True
TXN8620085823,ACC39090,ACC49458,678.01,Transfer,False
TXN4548697356,ACC77920,ACC10329,597.43,Transfer,False
TXN1435383761,ACC43553,ACC94408,1172.11,Withdrawal,True
TXN3005575371,ACC41096,ACC27545,919.33,Transfer,False
TXN4457314718,ACC84357,ACC99000,1331.78,Transfer,True
TXN2695316508,ACC59341,ACC41010,1304.24,Deposit,True
TXN2013712439,ACC70445,ACC79951,229.96,Transfer,False
TXN1586213339,ACC93764,ACC33894,951.98,Transfer,False
TXN4702742989,ACC60516,ACC31378,822.01,Deposit,True
TXN7957686611,ACC38995,ACC74535,160.0,Transfer,False
TXN2478085562,ACC50602,ACC23555,832.4,Transfer,False
TXN3007228135,ACC84076,ACC73219,1076.04,Withdrawal,False
TXN9326625381,ACC28204,ACC97616,654.74,Transfer,True
TXN3238274353,ACC78774,ACC16571,280.59,Deposit,False
TXN1978796225,ACC75912,ACC81334,1390.33,Withdrawal,True
TXN3309554973,ACC31641,ACC89448,417.93,Withdrawal,False
TXN7460255392,ACC30395,ACC69061,1249.53,Deposit,False
TXN4683838708,ACC97548,ACC41959,1304.23,Transfer,False
TXN8503880040,ACC25310,ACC62373,775.27,Transfer,True
TXN8622771982,ACC82285,ACC37850,407.35,Withdrawal,True
TXN9831119424,ACC72956,ACC76225,662.75,Withdrawal,False
TXN8058810575,ACC72602,ACC81316,269.99,Withdrawal,False
TXN7995329384,ACC22887,ACC77756,1393.08,Withdrawal,True
TXN5244246982,ACC96030,ACC68425,380.22,Deposit,True
TXN1214214618,ACC73255,ACC16562,117.67,Withdrawal,False
TXN9329992317,ACC32059,ACC62896,693.77,Deposit,True
TXN3559474519,ACC95922,ACC88691,91.57,Deposit,False
TXN4192170575,ACC38323,ACC88461,1453.16,Transfer,False
TXN9205676914,ACC99891,ACC18193,798.88,Transfer,False
TXN9089466769,ACC67630,ACC31727,94.08,Withdrawal,True
TXN1525947631,ACC88611,ACC17504,129.36,Withdrawal,False
TXN2967565010,ACC52765,ACC17647,320.15,Deposit,False
TXN3831013249,ACC74018,ACC41258,628.16,Deposit,False
TXN8479002355,ACC34645,ACC59787,312.62,Withdrawal,False
TXN8781462679,ACC32307,ACC28376,594.88,Transfer,True
TXN3797326632,ACC17079,ACC90748,1107.97,Transfer,True
TXN1777850076,ACC32679,ACC81450,466.07,Transfer,False
TXN2044765741,ACC78879,ACC14470,485.51,Deposit,True
TXN9943868344,ACC47893,ACC40785,1290.77,Transfer,False
TXN8262818336,ACC52547,ACC63134,391.02,Transfer,True
TXN2373253528,ACC97327,ACC44378,1297.35,Transfer,True
TXN9296634856,ACC63853,ACC63130,134.07,Withdrawal,True
TXN4416733764,ACC25311,ACC52411,420.97,Deposit,True
TXN4715125973,ACC26336,ACC12865,224.14,Transfer,False
TXN1293504093,ACC52960,ACC65654,1043.24,Transfer,True
TXN5402872631,ACC10398,ACC13115,555.97,Transfer,True
TXN8058414110,ACC96309,ACC33210,319.68,Deposit,True
TXN1804188246,ACC70325,ACC90820,978.39,Deposit,False
TXN6256269209,ACC19011,ACC25721,894.94,Transfer,False
TXN4719214031,ACC90519,ACC47130,1272.62,Withdrawal,True
TXN9644247673,ACC94820,ACC64337,260.21,Withdrawal,False
TXN4038631801,ACC97742,ACC36014,349.61,Transfer,True
TXN3710024296,ACC13717,ACC77116,259.0,Withdrawal,False
TXN6322314609,ACC20729,ACC41588,102.81,Transfer,False
TXN2046870073,ACC52631,ACC87532,396.54,Withdrawal,False
TXN5078779271,ACC40213,ACC90437,794.73,Deposit,True
TXN8272540722,ACC54935,ACC25665,1404.91,Withdrawal,False
TXN8956956973,ACC37317,ACC49961,88.64,Withdrawal,True
TXN1183529701,ACC88880,ACC90819,890.83,Withdrawal,False
TXN3581606217,ACC78890,ACC44155,1360.18,Withdrawal,True
TXN8836932523,ACC27506,ACC72599,1181.01,Transfer,False
TXN6844399702,ACC80355,ACC18439,766.93,Withdrawal,True
TXN9753006039,ACC68822,ACC16251,350.01,Withdrawal,False
TXN9155119110,ACC50413,ACC36346,116.93,Withdrawal,True
TXN4482249133,ACC17762,ACC70271,1460.24,Transfer,False
TXN4817008281,ACC83523,ACC74796,1205.92,Withdrawal,True
TXN3215135557,ACC52777,ACC69706,263.79,Transfer,True
TXN2294957204,ACC73260,ACC33563,597.89,Withdrawal,True
TXN5515093118,ACC90096,ACC86295,275.18,Transfer,True
TXN5955230998,ACC41859,ACC76935,337.39,Deposit,False
TXN7683609463,ACC34002,ACC28087,152.01,Withdrawal,True
TXN9272395195,ACC32275,ACC71363,523.92,Transfer,True
TXN3523224916,ACC48463,ACC44249,1010.44,Withdrawal,True
TXN1093768801,ACC80825,ACC64136,1319.31,Transfer,True
TXN5422336942,ACC28851,ACC62524,1015.37,Transfer,True
TXN5693088212,ACC42629,ACC27937,159.86,Deposit,True
TXN1895509653,ACC26148,ACC50497,977.23,Deposit,True
TXN4864313140,ACC92864,ACC70845,113.55,Withdrawal,False
TXN3921821159,ACC26387,ACC28310,1122.6,Withdrawal,False
TXN3473885435,ACC61843,ACC72282,1245.9,Deposit,True
TXN8723172315,ACC60861,ACC60371,1091.63,Withdrawal,False
TXN4717279150,ACC26092,ACC16514,420.94,Withdrawal,True
TXN2144060017,ACC67900,ACC32304,268.65,Transfer,True
TXN3506993682,ACC78750,ACC36439,897.39,Deposit,True
TXN3465112627,ACC66845,ACC77043,1478.53,Transfer,False
TXN2795257887,ACC47080,ACC55617,1000.94,Deposit,True
TXN4445805450,ACC71350,ACC83566,543.02,Deposit,False
TXN6234566048,ACC69741,ACC64983,615.92,Deposit,True
TXN7967055596,ACC75603,ACC32073,783.76,Withdrawal,True
TXN1754402542,ACC85076,ACC27946,1085.26,Deposit,False
TXN8149798658,ACC51762,ACC51094,69.26,Withdrawal,False
TXN3866221574,ACC24246,ACC83779,649.53,Transfer,False
TXN7074825756,ACC80128,ACC82248,893.51,Deposit,False
TXN1264483408,ACC92615,ACC20606,978.2,Deposit,True
TXN2630973907,ACC76870,ACC76210,1324.85,Withdrawal,True
TXN6559269684,ACC19685,ACC72460,121.48,Transfer,False
TXN5264915932,ACC94323,ACC61092,614.72,Withdrawal,False
TXN2571649134,ACC30528,ACC36351,807.82,Deposit,True
TXN7009664995,ACC12808,ACC87838,1454.09,Deposit,False
TXN1865615153,ACC97862,ACC11323,1263.45,Deposit,False
TXN4168078707,ACC66726,ACC28270,567.4,Deposit,True
TXN8990079335,ACC97560,ACC37375,892.61,Deposit,False
TXN4521283693,ACC91378,ACC54434,633.35,Deposit,False
TXN1398097487,ACC99684,ACC66040,746.64,Deposit,True
TXN8373322501,ACC83947,ACC42631,528.35,Withdrawal,False
TXN4905953142,ACC86519,ACC44726,624.86,Withdrawal,False
TXN5052028045,ACC19518,ACC25846,1346.57,Withdrawal,True
TXN4933949135,ACC43784,ACC35641,535.09,Deposit,False
TXN1428054922,ACC82828,ACC77176,668.52,Deposit,False
TXN3264969836,ACC85810,ACC97228,487.74,Transfer,True
TXN8730102843,ACC80637,ACC10646,215.42,Deposit,False
TXN2498617562,ACC70544,ACC22763,786.57,Transfer,True
TXN8239315689,ACC26031,ACC13443,1263.21,Withdrawal,False
TXN6622880955,ACC73505,ACC41835,396.08,Transfer,True
TXN1889402287,ACC97828,ACC93951,714.58,Transfer,False
TXN4190406320,ACC19348,ACC46748,643.4,Transfer,False
TXN2969596138,ACC45896,ACC17672,1333.87,Withdrawal,False
TXN3316454211,ACC10811,ACC86980,1292.55,Transfer,False
TXN7693168196,ACC15750,ACC20083,1209.22,Deposit,True
TXN5423422909,ACC96725,ACC59742,971.32,Withdrawal,False
TXN8130580934,ACC29795,ACC77438,155.79,Deposit,True
TXN4627141841,ACC87313,ACC58959,337.59,Transfer,False
TXN7937750067,ACC26501,ACC19142,540.97,Transfer,True
TXN8577286135,ACC46443,ACC59429,511.0,Withdrawal,False
TXN1219225315,ACC54593,ACC35168,1211.34,Withdrawal,True
TXN2545526306,ACC47841,ACC84653,1468.59,Transfer,True
TXN1685334204,ACC78888,ACC97477,364.2,Withdrawal,False
TXN2285178903,ACC42281,ACC37349,1357.71,Deposit,True
TXN7466999126,ACC25572,ACC90703,364.83,Deposit,True
TXN5090978131,ACC10108,ACC93985,236.8,Transfer,False
TXN1473484512,ACC79935,ACC87619,937.09,Deposit,False
TXN4075718503,ACC78766,ACC81516,1220.92,Transfer,True
TXN3768567525,ACC81464,ACC81646,1314.12,Deposit,False
TXN9598663738,ACC23360,ACC80434,892.08,Withdrawal,True
TXN1875086020,ACC99006,ACC20011,737.44,Withdrawal,False
TXN6457249658,ACC13820,ACC22675,498.23,Deposit,False
TXN1042740208,ACC44135,ACC93631,395.37,Transfer,False
TXN9407033145,ACC54419,ACC37965,160.93,Transfer,False
TXN1739236868,ACC39496,ACC12590,1356.11,Transfer,False
TXN2373830710,ACC59448,ACC50554,1130.72,Deposit,False
TXN9758276810,ACC42292,ACC46336,645.72,Deposit,True
TXN5388688267,ACC17167,ACC98216,1189.27,Deposit,False
TXN3992981513,ACC61600,ACC42975,914.39,Transfer,True
TXN5725214404,ACC30050,ACC22352,171.75,Deposit,False
TXN4449093390,ACC82733,ACC38763,1331.35,Withdrawal,True
TXN1051341758,ACC82436,ACC93972,1145.85,Withdrawal,False
TXN2584988889,ACC60207,ACC17005,948.68,Withdrawal,True
TXN1136280450,ACC58515,ACC82997,1292.74,Transfer,True
TXN8145013884,ACC16684,ACC65897,1246.19,Deposit,False
TXN3213179630,ACC63547,ACC22247,861.73,Withdrawal,False
TXN8773533808,ACC44819,ACC97385,1188.37,Deposit,True
TXN3517372456,ACC70412,ACC83087,478.3,Withdrawal,False
TXN9255711120,ACC52161,ACC74234,1493.27,Withdrawal,False
TXN1026668467,ACC36112,ACC39686,1483.4,Withdrawal,False
TXN8823192902,ACC83967,ACC72954,1447.48,Deposit,False
TXN1506358242,ACC82897,ACC61397,741.61,Transfer,False
TXN2056037159,ACC50236,ACC84271,922.96,Withdrawal,True
TXN7318070182,ACC33979,ACC39144,672.07,Transfer,False
TXN8235711783,ACC54288,ACC92031,1190.81,Transfer,False
TXN1261240074,ACC90621,ACC33562,890.4,Withdrawal,True
TXN1879342618,ACC77551,ACC64850,953.94,Withdrawal,False
TXN5592835255,ACC83222,ACC15379,1113.31,Transfer,False
TXN9862425974,ACC40717,ACC54938,608.07,Transfer,False
TXN2477062271,ACC80611,ACC48199,1186.59,Withdrawal,True
TXN6593949300,ACC94052,ACC92241,256.17,Transfer,False
TXN1710747845,ACC54508,ACC76859,459.19,Transfer,False
TXN5258198773,ACC89017,ACC53126,82.26,Transfer,False
TXN1578471232,ACC15227,ACC49623,741.53,Transfer,False
TXN1976924179,ACC83776,ACC82152,447.12,Withdrawal,True
TXN1514038740,ACC25986,ACC14717,140.89,Withdrawal,False
TXN5340375676,ACC14278,ACC69811,273.81,Withdrawal,True
TXN2600080898,ACC24168,ACC54187,1449.24,Deposit,False
TXN8863707194,ACC16862,ACC11262,1191.44,Withdrawal,True
TXN2152224485,ACC81776,ACC17057,523.24,Withdrawal,True
TXN1560794795,ACC61408,ACC65100,142.3,Deposit,True
TXN7811489633,ACC82132,ACC67444,1224.01,Deposit,True
TXN8065405961,ACC88942,ACC30664,1310.0,Deposit,True
TXN5349278466,ACC17037,ACC21803,95.1,Withdrawal,False
TXN4508861333,ACC70626,ACC54925,561.12,Withdrawal,False
TXN9591402229,ACC66411,ACC85248,712.91,Deposit,True
TXN6010561557,ACC95145,ACC19157,659.93,Transfer,False
TXN4592850855,ACC54180,ACC62788,411.08,Transfer,False
TXN8022246760,ACC33515,ACC12270,131.53,Transfer,False
TXN9490755951,ACC46586,ACC20319,1122.89,Transfer,True
TXN5703695908,ACC71632,ACC68862,218.74,Withdrawal,False
TXN4175568505,ACC29057,ACC51605,1080.59,Deposit,False
TXN1292145399,ACC71625,ACC14447,1284.02,Deposit,False
TXN8482029253,ACC98343,ACC94038,1316.57,Transfer,False
TXN3745560897,ACC34706,ACC74207,943.59,Withdrawal,False
TXN6850517635,ACC14761,ACC96544,592.7,Deposit,True
TXN9048178318,ACC98875,ACC12414,1279.75,Transfer,True
TXN7081421607,ACC88081,ACC33118,1445.66,Withdrawal,True
TXN3229991141,ACC60117,ACC51255,723.43,Transfer,True
TXN2567312830,ACC95501,ACC10188,86.27,Deposit,False
TXN9451536828,ACC62122,ACC26214,366.82,Withdrawal,False
TXN6438578473,ACC29178,ACC31487,1166.16,Deposit,False
TXN7347670619,ACC75685,ACC92454,1488.93,Deposit,True
TXN1804071554,ACC73139,ACC10365,420.72,Transfer,False
TXN6314106772,ACC18533,ACC39186,1123.86,Deposit,False
TXN5952543306,ACC35980,ACC59716,976.48,Deposit,False
TXN3960056916,ACC57367,ACC98500,546.59,Transfer,True
TXN2738370974,ACC83707,ACC15731,984.69,Withdrawal,True
TXN7765840896,ACC58221,ACC36613,124.97,Transfer,True
TXN3732099369,ACC25052,ACC46633,376.24,Deposit,True
TXN5811407789,ACC87258,ACC31975,1113.62,Transfer,False
TXN3572064871,ACC66129,ACC88485,1399.98,Transfer,True
TXN5530860650,ACC41494,ACC38025,99.92,Deposit,True
TXN8297322746,ACC95784,ACC52100,497.89,Transfer,False
TXN4789765472,ACC76577,ACC55052,902.0,Transfer,False
TXN4983297393,ACC24008,ACC96031,908.73,Transfer,False
TXN9765597378,ACC22952,ACC26670,368.3,Withdrawal,True
TXN4214354284,ACC59051,ACC81518,166.5,Withdrawal,False
TXN8722779257,ACC22975,ACC45396,954.31,Transfer,True
TXN9270204123,ACC96790,ACC82293,622.19,Transfer,False
TXN3424483698,ACC27892,ACC99186,1411.27,Withdrawal,True
TXN9917648306,ACC88990,ACC64737,1033.4,Withdrawal,False
TXN6541081268,ACC38200,ACC58113,1155.76,Deposit,False
TXN6196239147,ACC17474,ACC26228,1286.89,Deposit,False
TXN9746917222,ACC65526,ACC29018,1117.55,Deposit,False
TXN2320178526,ACC86771,ACC38158,1012.68,Deposit,False
TXN2194042729,ACC77671,ACC70740,1093.97,Deposit,True
TXN1463585343,ACC52594,ACC61352,782.21,Deposit,True
TXN1968611398,ACC86893,ACC47672,738.34,Deposit,True
TXN6502377673,ACC69604,ACC73317,79.96,Withdrawal,False
TXN9235977703,ACC93288,ACC51744,138.44,Transfer,False
TXN8812176395,ACC57534,ACC72211,781.77,Withdrawal,False
TXN4083792867,ACC31169,ACC70535,420.19,Deposit,True
TXN9697363753,ACC23612,ACC74572,1452.12,Deposit,True
TXN9829142303,ACC91562,ACC45567,191.15,Transfer,True
TXN8920436907,ACC11957,ACC58562,1132.23,Transfer,False
TXN2662283774,ACC43896,ACC70488,668.82,Transfer,False
TXN7267935231,ACC10570,ACC45348,685.34,Withdrawal,True
TXN6779980830,ACC16677,ACC37967,1391.28,Withdrawal,True
TXN4785520039,ACC13307,ACC37883,958.98,Withdrawal,False
TXN5691250882,ACC49257,ACC56878,621.44,Transfer,True
TXN6392999780,ACC61134,ACC81577,1035.25,Deposit,True
TXN2889971008,ACC79989,ACC65977,769.38,Transfer,False
TXN7454573377,ACC69625,ACC58914,235.97,Withdrawal,True
TXN7851379191,ACC25858,ACC14262,350.45,Transfer,False
TXN7690248564,ACC51379,ACC15453,802.61,Withdrawal,True
TXN2962109726,ACC37800,ACC21840,1475.38,Transfer,False
TXN8188062560,ACC46197,ACC87821,401.53,Withdrawal,False
TXN1459386338,ACC84903,ACC85794,1176.88,Transfer,False
TXN7486103501,ACC14340,ACC33467,1494.03,Transfer,True
TXN7747723984,ACC75741,ACC84166,1090.87,Transfer,True
TXN9172243892,ACC51717,ACC89206,427.54,Withdrawal,False
TXN7174684558,ACC25889,ACC76372,1411.39,Withdrawal,True
TXN4063058932,ACC31580,ACC61121,1026.0,Deposit,False
TXN4288928616,ACC23024,ACC23917,217.64,Withdrawal,True
TXN6796410495,ACC48112,ACC37084,1449.78,Withdrawal,True
TXN1724458969,ACC14381,ACC44593,1003.45,Deposit,False
TXN9420697084,ACC22693,ACC49786,1229.3,Transfer,True
TXN3409498103,ACC62000,ACC93041,251.82,Transfer,True
TXN4884922166,ACC62562,ACC28489,815.81,Transfer,True
TXN9924409937,ACC14164,ACC11844,931.5,Transfer,True
TXN1537373231,ACC37253,ACC11656,503.36,Transfer,True
TXN9418716802,ACC43474,ACC49541,609.1,Transfer,False
TXN9464334434,ACC68021,ACC23970,479.45,Withdrawal,True
TXN3062186394,ACC15981,ACC42485,592.71,Withdrawal,True
TXN5277052822,ACC22823,ACC32041,344.15,Transfer,True
TXN1056906180,ACC62489,ACC84079,726.81,Deposit,False
TXN6101337345,ACC66261,ACC75576,299.45,Deposit,True
TXN3962466221,ACC37482,ACC38867,747.08,Transfer,True
TXN9915802724,ACC18274,ACC66957,193.87,Deposit,False
TXN1367503203,ACC94359,ACC74980,386.64,Deposit,True
TXN7284540949,ACC46333,ACC52400,105.99,Withdrawal,True
TXN3756567942,ACC53354,ACC38471,1211.94,Deposit,False
TXN1794005869,ACC86399,ACC41719,451.03,Transfer,True
TXN6024425301,ACC51829,ACC21813,1229.83,Deposit,True
TXN2303112978,ACC52463,ACC23188,150.68,Deposit,True
TXN2158684825,ACC44641,ACC40570,760.84,Withdrawal,False
TXN2180308712,ACC54594,ACC19310,849.81,Transfer,True
TXN4282498636,ACC79850,ACC64592,926.66,Withdrawal,True
TXN5583019441,ACC65895,ACC35639,1429.67,Transfer,True
TXN7960889764,ACC72775,ACC59708,327.76,Withdrawal,False
TXN8704693172,ACC12639,ACC94255,845.26,Transfer,False
TXN6551584962,ACC31420,ACC88372,417.63,Transfer,True
TXN7496746303,ACC86537,ACC56703,726.13,Withdrawal,True
TXN4048657684,ACC53944,ACC73802,1436.4,Withdrawal,False
TXN8589870338,ACC62754,ACC42119,481.5,Withdrawal,False
TXN6806243378,ACC47965,ACC43390,1085.85,Deposit,True
TXN5766314722,ACC66287,ACC25255,847.66,Deposit,True
TXN9956101373,ACC78722,ACC16417,1419.74,Withdrawal,False
TXN1534479790,ACC77950,ACC82392,1144.79,Deposit,True
TXN4030945603,ACC72184,ACC49474,1193.2,Withdrawal,True
TXN6493873826,ACC19368,ACC63067,1134.0,Deposit,True
TXN8506838667,ACC27786,ACC77787,1437.81,Transfer,False
TXN9960780796,ACC16531,ACC41695,1485.22,Transfer,False
TXN7571871959,ACC76210,ACC79065,1254.83,Deposit,False
TXN3155052574,ACC68069,ACC89196,135.33,Withdrawal,True
TXN2224269988,ACC77747,ACC10943,725.84,Deposit,False
TXN1285498928,ACC57627,ACC98533,374.88,Deposit,True
TXN2274786678,ACC67196,ACC34138,226.12,Deposit,False
TXN8890390631,ACC99054,ACC97489,827.52,Withdrawal,True
TXN3188124963,ACC17123,ACC17598,468.29,Deposit,True
TXN7297484921,ACC69738,ACC99464,534.53,Deposit,True
TXN6713156564,ACC43417,ACC38719,921.16,Withdrawal,False
TXN5872634105,ACC51110,ACC90800,1174.09,Withdrawal,True
TXN1496379688,ACC34029,ACC55793,1409.54,Transfer,True
TXN7140240715,ACC57840,ACC63698,493.04,Deposit,True
TXN3914244875,ACC88176,ACC46950,875.82,Transfer,True
TXN2403674237,ACC92170,ACC33049,1395.74,Transfer,True
TXN1327248350,ACC56564,ACC80224,1090.7,Transfer,False
TXN5469662722,ACC97389,ACC28777,152.45,Deposit,False
TXN4099617388,ACC64984,ACC66528,939.81,Transfer,False
TXN5516499698,ACC54756,ACC20263,530.44,Transfer,False
TXN3346151776,ACC67499,ACC22519,1119.13,Deposit,False
TXN4485189988,ACC30798,ACC90045,145.6,Withdrawal,True
TXN8745969736,ACC34512,ACC51551,265.48,Withdrawal,False
TXN9905734561,ACC14432,ACC93558,512.81,Deposit,True
TXN3081071442,ACC31534,ACC23501,894.19,Transfer,True
TXN3597355096,ACC32347,ACC29632,1093.08,Deposit,True
TXN8486454934,ACC39701,ACC54482,717.43,Deposit,True
TXN8646637708,ACC26086,ACC47587,912.78,Deposit,False
TXN1140740719,ACC10603,ACC45278,1441.89,Deposit,True
TXN5250955971,ACC90854,ACC93425,1081.52,Transfer,False
TXN2732144556,ACC35662,ACC48982,1159.52,Transfer,True
TXN7695035207,ACC78538,ACC65514,646.48,Deposit,False
TXN7939723282,ACC80544,ACC14023,1108.3,Transfer,True
TXN7630113676,ACC54962,ACC12346,904.54,Transfer,True
TXN8552007460,ACC76710,ACC62664,1493.86,Withdrawal,False
TXN4304334477,ACC14700,ACC95607,662.74,Transfer,False
TXN1346181292,ACC56361,ACC44899,1119.63,Transfer,False
TXN1839190280,ACC48627,ACC12310,1245.19,Transfer,False
TXN8725793891,ACC35927,ACC52926,1275.28,Deposit,False
TXN9328528150,ACC15595,ACC31081,946.2,Deposit,True
TXN1027199935,ACC37487,ACC77079,228.45,Transfer,False
TXN1519832715,ACC65856,ACC49534,734.99,Deposit,False
TXN4654450936,ACC40448,ACC64201,220.56,Withdrawal,False
TXN7190517370,ACC38736,ACC57803,87.4,Deposit,True
TXN2013672155,ACC12216,ACC68938,245.59,Transfer,True
TXN1009840095,ACC54943,ACC49366,115.33,Transfer,False
TXN7999376225,ACC62620,ACC43275,424.14,Transfer,False
TXN8160409252,ACC19769,ACC18211,118.47,Withdrawal,True
TXN9716899160,ACC20942,ACC14865,733.38,Withdrawal,True
TXN7021871590,ACC96779,ACC80536,927.51,Transfer,True
TXN5890230581,ACC25122,ACC44204,507.14,Deposit,True
TXN5259427532,ACC19742,ACC32118,147.52,Deposit,True
TXN6434340123,ACC18670,ACC55222,909.99,Deposit,False
TXN5512698980,ACC28763,ACC24097,725.22,Deposit,True
TXN1865967097,ACC45358,ACC35313,1370.46,Transfer,True
TXN5642409479,ACC64953,ACC47717,827.33,Deposit,True
TXN6826834748,ACC67234,ACC22910,1133.84,Transfer,False
TXN4863583366,ACC96531,ACC66183,59.49,Transfer,True
TXN2807500909,ACC42613,ACC42918,602.34,Transfer,True
TXN6891762184,ACC63967,ACC90350,897.01,Deposit,False
TXN5876009850,ACC51158,ACC27191,692.63,Withdrawal,False
TXN9108039354,ACC81579,ACC70447,968.11,Deposit,False
TXN6549632788,ACC10043,ACC88019,676.86,Deposit,False
TXN8061097504,ACC74642,ACC30873,163.42,Withdrawal,True
TXN4865155116,ACC92160,ACC78035,676.31,Withdrawal,True
TXN9282319379,ACC32540,ACC97558,1090.51,Transfer,False
TXN6280489068,ACC63567,ACC18427,954.23,Withdrawal,True
TXN6147229485,ACC29295,ACC96401,800.64,Withdrawal,False
TXN7444932806,ACC63082,ACC11551,727.62,Transfer,False
TXN1518602016,ACC18963,ACC20884,1257.79,Transfer,False
TXN4227753155,ACC33497,ACC27326,1364.73,Deposit,False
TXN8860546537,ACC51556,ACC52674,1070.75,Transfer,False
TXN6187390659,ACC36830,ACC35791,348.58,Withdrawal,True
TXN1806416150,ACC93504,ACC75996,721.39,Deposit,False
TXN4093369509,ACC47989,ACC97491,688.03,Withdrawal,False
TXN1834879380,ACC59721,ACC82859,1002.18,Deposit,False
TXN4241858851,ACC32144,ACC23303,78.53,Transfer,False
TXN6135136280,ACC80202,ACC20579,86.89,Withdrawal,False
TXN2164420656,ACC46536,ACC75628,1283.15,Withdrawal,True
TXN3164901783,ACC86774,ACC57313,275.82,Deposit,True
TXN6033289469,ACC21381,ACC50642,231.96,Transfer,True
TXN9352406685,ACC29889,ACC83760,1413.64,Transfer,False
TXN4177656671,ACC17862,ACC11488,558.08,Deposit,True
TXN8112885483,ACC88171,ACC83474,1420.72,Transfer,False
TXN4973333734,ACC71245,ACC38629,855.53,Deposit,True
TXN2670016539,ACC32541,ACC69873,1221.82,Withdrawal,False
TXN7103211368,ACC87678,ACC94847,109.93,Deposit,True
TXN6774647261,ACC83881,ACC65341,329.15,Transfer,True
TXN8172262194,ACC43635,ACC38750,1372.23,Withdrawal,False
TXN7356320584,ACC54720,ACC64544,1190.88,Deposit,True
TXN7408966343,ACC39498,ACC97070,58.69,Transfer,False
TXN1684589936,ACC64300,ACC85697,345.62,Withdrawal,False
TXN7142871079,ACC28994,ACC90586,438.45,Deposit,True
TXN7255939236,ACC14492,ACC81365,54.96,Transfer,False
TXN7803677110,ACC45542,ACC49006,1191.92,Deposit,True
TXN9388955721,ACC53507,ACC19376,881.39,Transfer,True
TXN6956710652,ACC59937,ACC72083,890.41,Withdrawal,False
TXN7734984066,ACC54067,ACC84423,1031.4,Transfer,False
TXN4979176158,ACC76875,ACC22724,1494.2,Deposit,True
TXN5412325506,ACC49283,ACC17922,224.29,Withdrawal,False
TXN9953448509,ACC22466,ACC44246,1272.93,Transfer,False
TXN4170698928,ACC51174,ACC92864,1427.83,Deposit,True
TXN6482881540,ACC68203,ACC30527,671.09,Transfer,True
TXN9984520277,ACC36712,ACC63075,149.22,Deposit,True
TXN9077266257,ACC92050,ACC85728,918.7,Deposit,True
TXN3679557633,ACC63042,ACC67654,1479.46,Deposit,True
TXN5689924166,ACC70707,ACC61130,427.26,Deposit,False
TXN7257989930,ACC95768,ACC53403,1037.73,Withdrawal,False
TXN8636686575,ACC93548,ACC42106,630.84,Withdrawal,False
TXN1057529976,ACC64402,ACC41126,1133.66,Transfer,False
TXN2617645101,ACC64441,ACC97513,55.17,Transfer,False
TXN5884141090,ACC87519,ACC55381,293.9,Deposit,False
TXN1475843170,ACC41101,ACC23216,440.3,Transfer,False
TXN4155626151,ACC59531,ACC45784,1022.55,Transfer,True
TXN4227899265,ACC65747,ACC20563,739.69,Transfer,False
TXN6378209363,ACC33501,ACC28336,1184.41,Transfer,False
TXN7679630871,ACC25570,ACC61224,806.15,Withdrawal,False
TXN1299028569,ACC69666,ACC20765,1346.22,Transfer,True
TXN1427023114,ACC78839,ACC66184,1351.47,Withdrawal,True
TXN6137594808,ACC97313,ACC19149,741.96,Transfer,True
TXN4524298301,ACC72164,ACC81617,1435.51,Deposit,False
TXN8607691435,ACC13367,ACC35613,304.9,Deposit,True
TXN7681972361,ACC98822,ACC25732,741.72,Transfer,False
TXN6226593450,ACC75732,ACC87833,487.33,Deposit,True
TXN3832468814,ACC30411,ACC89361,501.06,Transfer,True
TXN7410811456,ACC53228,ACC67774,1398.62,Transfer,False
TXN7238168935,ACC93016,ACC33694,295.86,Withdrawal,False
TXN5691669939,ACC53374,ACC72898,369.79,Withdrawal,False
TXN8092227965,ACC12241,ACC33988,1062.28,Withdrawal,False
TXN3908230781,ACC15821,ACC43879,306.68,Withdrawal,False
TXN9364574524,ACC52775,ACC73924,546.48,Transfer,False
TXN9041339676,ACC50375,ACC53869,662.62,Transfer,False
TXN4465020791,ACC75741,ACC46887,827.95,Transfer,False
TXN4660989719,ACC43060,ACC70548,935.02,Deposit,False
TXN1879549930,ACC79822,ACC75119,1087.67,Withdrawal,False
TXN4097123150,ACC36805,ACC33267,519.04,Deposit,False
TXN7739005738,ACC42183,ACC40073,171.92,Deposit,False
TXN2216713090,ACC19437,ACC87522,827.11,Transfer,False
TXN4299026679,ACC81116,ACC90268,108.56,Deposit,True
TXN7596303179,ACC62925,ACC31357,1234.66,Deposit,True
TXN5910132280,ACC85661,ACC75676,485.89,Transfer,True
TXN7406270861,ACC11813,ACC32424,106.01,Withdrawal,True
TXN2404826022,ACC81145,ACC30363,378.83,Transfer,True
TXN8124689743,ACC89997,ACC99632,654.1,Transfer,True
TXN9437963697,ACC85972,ACC43808,1318.57,Deposit,True
TXN6019019626,ACC29423,ACC68041,394.98,Transfer,False
TXN4675367499,ACC49487,ACC48009,448.07,Transfer,True
TXN2012949729,ACC82186,ACC25267,799.39,Transfer,True
TXN1888197550,ACC33260,ACC83342,1277.1,Withdrawal,True
TXN6250036065,ACC44381,ACC45138,723.45,Transfer,True
TXN5412906599,ACC31830,ACC84084,602.08,Transfer,False
TXN9673532239,ACC93380,ACC92174,1251.19,Deposit,True
TXN1652892325,ACC92545,ACC75306,660.16,Deposit,False
TXN1715221868,ACC86428,ACC65003,1172.55,Deposit,True
TXN6007193928,ACC80030,ACC20498,404.35,Transfer,False
TXN1696074130,ACC79263,ACC45900,1467.44,Withdrawal,True
TXN3114507871,ACC81093,ACC72767,384.21,Transfer,False
TXN4902897998,ACC77412,ACC28013,198.65,Transfer,False
TXN7464084511,ACC59486,ACC87379,1041.32,Withdrawal,True
TXN4817965241,ACC95824,ACC83875,864.58,Deposit,True
TXN6686731977,ACC71715,ACC99902,1241.46,Withdrawal,True
TXN4258341246,ACC64877,ACC76710,1398.95,Deposit,True
TXN2146674972,ACC37810,ACC38562,1431.06,Transfer,True
TXN3688144089,ACC86726,ACC75108,698.69,Transfer,True
TXN7768798227,ACC29509,ACC11635,582.69,Transfer,True
TXN7372888615,ACC79388,ACC10131,915.57,Transfer,False
TXN6496802872,ACC58666,ACC81007,766.64,Deposit,False
TXN2190673228,ACC47900,ACC15352,559.49,Withdrawal,True
TXN3188343113,ACC17010,ACC45857,1017.57,Withdrawal,True
TXN5206029882,ACC37810,ACC28763,1326.71,Withdrawal,False
TXN9984583310,ACC82235,ACC30295,1327.89,Deposit,True
TXN7291688324,ACC51850,ACC77032,601.16,Deposit,False
TXN4703316874,ACC11504,ACC73653,1053.94,Transfer,False
TXN3578739019,ACC11332,ACC95588,250.92,Deposit,False
TXN2195520317,ACC30731,ACC95644,1233.39,Withdrawal,False
TXN1041461220,ACC13852,ACC14965,495.85,Transfer,True
TXN3051028291,ACC57933,ACC52429,641.56,Transfer,True
TXN1372797888,ACC57771,ACC28955,978.9,Withdrawal,False
TXN2981368392,ACC59255,ACC53003,376.95,Transfer,False
TXN1135873779,ACC24360,ACC36461,920.92,Deposit,True
TXN1328647070,ACC89958,ACC33093,891.01,Transfer,True
TXN4691809504,ACC92647,ACC61944,1117.59,Deposit,False
TXN4179721497,ACC93575,ACC61999,165.65,Withdrawal,True
TXN3895765690,ACC67439,ACC79384,1211.91,Deposit,True
TXN8789730264,ACC91269,ACC19289,1331.16,Deposit,False
TXN2070571988,ACC94322,ACC17821,641.13,Transfer,False
TXN1116395817,ACC49997,ACC16705,653.41,Deposit,True
TXN9239256714,ACC79905,ACC26690,1307.54,Transfer,True
TXN4561707407,ACC89895,ACC94273,396.91,Transfer,False
TXN3174104806,ACC35025,ACC67292,1458.87,Deposit,False
TXN8523915846,ACC99416,ACC61088,1073.28,Transfer,False
TXN5102155525,ACC34184,ACC89466,1362.38,Withdrawal,True
TXN5060420362,ACC52545,ACC44016,659.9,Transfer,False
TXN9297678665,ACC25920,ACC85405,56.93,Transfer,False
TXN5954761833,ACC11424,ACC83140,219.4,Withdrawal,True
TXN7416859349,ACC36029,ACC56028,1114.74,Withdrawal,True
TXN4692899483,ACC79416,ACC10182,252.71,Transfer,False
TXN1031246972,ACC45883,ACC70147,358.53,Withdrawal,False
TXN6201618839,ACC15918,ACC29832,207.64,Deposit,False
TXN1256384918,ACC44416,ACC80838,92.76,Transfer,False
TXN4963534137,ACC45182,ACC49076,1271.43,Deposit,False
TXN5646588232,ACC44598,ACC90513,1149.69,Deposit,True
TXN9377571688,ACC40248,ACC64197,91.93,Transfer,True
TXN5715931192,ACC94948,ACC68204,1386.49,Deposit,True
TXN8939934889,ACC92208,ACC98355,1120.65,Deposit,True
TXN9707081841,ACC80174,ACC53686,596.1,Transfer,False
TXN8294020649,ACC17126,ACC78651,129.93,Transfer,False
TXN7764143012,ACC13209,ACC41609,1201.84,Transfer,False
TXN8533263880,ACC57300,ACC46999,1257.78,Deposit,False
TXN2809461644,ACC19946,ACC86824,1148.58,Transfer,False
TXN4687071393,ACC53033,ACC71691,570.72,Transfer,False
TXN5673009522,ACC67448,ACC20460,655.7,Withdrawal,False
TXN8792646343,ACC38343,ACC11206,555.28,Withdrawal,False
TXN8464942775,ACC54102,ACC27415,333.77,Transfer,False
TXN8285055381,ACC12207,ACC37690,731.29,Withdrawal,False
TXN2364240559,ACC58064,ACC89260,192.43,Deposit,True
TXN4629063974,ACC73573,ACC74408,810.23,Transfer,False
TXN8231379842,ACC72707,ACC22063,341.45,Transfer,True
TXN2575946300,ACC94127,ACC88828,1003.51,Deposit,False
TXN2630496789,ACC11158,ACC54603,938.65,Deposit,False
TXN3447478998,ACC30234,ACC51652,1398.09,Withdrawal,True
TXN7744872067,ACC90264,ACC16628,958.18,Transfer,False
TXN8572380298,ACC70377,ACC20352,938.68,Transfer,True
TXN1944161554,ACC52350,ACC69265,800.31,Deposit,True
TXN3706837999,ACC48258,ACC47933,1307.8,Transfer,False
TXN6552482713,ACC17345,ACC68442,1184.61,Deposit,True
TXN8092655434,ACC92997,ACC93368,89.69,Transfer,True
TXN5708760402,ACC87072,ACC89896,990.36,Deposit,False
TXN7183478404,ACC54274,ACC72385,1355.61,Deposit,False
TXN6418299376,ACC39373,ACC76158,1457.81,Withdrawal,False
TXN1726351367,ACC88350,ACC42527,193.35,Deposit,True
TXN4389081475,ACC22912,ACC52637,1250.73,Transfer,True
TXN2968614458,ACC84446,ACC47277,641.89,Transfer,True
TXN9369323463,ACC21138,ACC45215,548.18,Deposit,True
TXN4884680145,ACC47209,ACC60295,93.19,Transfer,False
TXN3689859259,ACC26383,ACC55770,974.06,Withdrawal,True
TXN7627699972,ACC53418,ACC92611,1325.97,Deposit,False
TXN5303967789,ACC16801,ACC30926,71.67,Transfer,False
TXN2488355680,ACC21784,ACC82883,1279.03,Deposit,False
TXN8465634743,ACC86251,ACC39807,788.22,Deposit,True
TXN2189034163,ACC24939,ACC96021,274.99,Deposit,False
TXN1179409810,ACC58088,ACC32898,385.75,Deposit,True
TXN1744197967,ACC80321,ACC53228,819.88,Deposit,True
TXN7033130898,ACC91152,ACC74032,500.19,Transfer,False
TXN1050678444,ACC90361,ACC34735,703.97,Deposit,False
TXN9135908826,ACC17264,ACC93263,773.32,Deposit,True
TXN7850039563,ACC93166,ACC54740,1127.88,Deposit,True
TXN6243731428,ACC29789,ACC25519,1032.59,Deposit,True
TXN8524130563,ACC90929,ACC12075,1150.77,Deposit,True
TXN1970224238,ACC67387,ACC36934,480.09,Withdrawal,True
TXN3080727808,ACC80662,ACC47063,820.56,Transfer,True
TXN6602724599,ACC83705,ACC33437,1436.82,Withdrawal,True
TXN6278346936,ACC53270,ACC92038,446.48,Deposit,True
TXN1820448910,ACC48398,ACC74025,823.27,Withdrawal,True
TXN7206567493,ACC30969,ACC84687,130.81,Transfer,False
TXN4101163005,ACC74504,ACC51180,1476.97,Transfer,True
TXN4407148066,ACC16774,ACC74772,1006.25,Deposit,True
TXN9306661034,ACC48659,ACC91872,1054.81,Withdrawal,True
TXN5851162281,ACC82654,ACC11191,968.25,Withdrawal,False
TXN8908021818,ACC63242,ACC88672,986.71,Withdrawal,False
TXN3216142297,ACC31311,ACC77960,958.06,Withdrawal,True
TXN9584950467,ACC38378,ACC58022,1449.24,Transfer,True
TXN9583070448,ACC99685,ACC55129,1075.67,Withdrawal,False
TXN9207597207,ACC86589,ACC50164,1254.42,Transfer,False
TXN5767453846,ACC83546,ACC68913,464.88,Transfer,True
TXN3949060475,ACC30530,ACC25906,60.88,Withdrawal,False
TXN8995038033,ACC68077,ACC86016,1212.85,Deposit,True
TXN8924266239,ACC98677,ACC45130,859.59,Withdrawal,False
TXN8231371570,ACC59991,ACC77139,947.46,Deposit,True
TXN5435924496,ACC23369,ACC88438,945.11,Transfer,False
TXN6129053886,ACC18443,ACC83101,177.33,Withdrawal,True
TXN3216538238,ACC32554,ACC81725,1479.61,Deposit,False
TXN5540950494,ACC93583,ACC43835,620.69,Transfer,True
TXN5334962263,ACC69257,ACC16905,1165.93,Withdrawal,True
TXN4686574441,ACC56048,ACC61043,92.47,Withdrawal,False
TXN9047821038,ACC33191,ACC19227,321.27,Transfer,True
TXN7141693754,ACC17147,ACC83990,797.15,Withdrawal,True
TXN8986153861,ACC43485,ACC31302,821.91,Deposit,True
TXN9531075832,ACC26439,ACC67106,504.87,Deposit,True
TXN2554762755,ACC15906,ACC51253,501.32,Transfer,True
TXN5816994707,ACC11488,ACC74499,290.98,Withdrawal,False
TXN9073006177,ACC65344,ACC32205,1287.51,Transfer,True
TXN4681351299,ACC74938,ACC36081,995.32,Transfer,True
TXN1989617760,ACC55255,ACC19669,1249.96,Deposit,False
TXN5170975065,ACC54347,ACC45640,599.34,Deposit,False
TXN1324014316,ACC89533,ACC37839,1271.78,Transfer,True
TXN7211607925,ACC66816,ACC32656,399.64,Deposit,False
TXN3171845502,ACC82213,ACC36005,1242.06,Transfer,True
TXN2661971569,ACC40581,ACC13227,1116.07,Withdrawal,False
TXN1038301181,ACC85559,ACC68236,363.94,Deposit,True
TXN4271800273,ACC58690,ACC58950,216.24,Transfer,True
TXN3155729746,ACC57197,ACC92724,779.86,Transfer,True
TXN1781232565,ACC24633,ACC59865,1307.83,Withdrawal,False
TXN2708041658,ACC69694,ACC58029,706.74,Withdrawal,False
TXN3066202732,ACC31529,ACC22098,1253.28,Withdrawal,True
TXN8389614998,ACC33822,ACC17633,298.62,Transfer,True
TXN4838560510,ACC51023,ACC11813,1428.9,Withdrawal,True
TXN9604966110,ACC20600,ACC82517,1184.1,Deposit,False
TXN6124814564,ACC89865,ACC69190,742.52,Deposit,False
TXN3265508267,ACC88851,ACC92572,1208.12,Deposit,True
TXN1222897131,ACC24137,ACC15360,1095.73,Transfer,True
TXN4606302686,ACC86374,ACC98730,1004.97,Transfer,True
TXN4305780474,ACC56362,ACC45292,1000.77,Transfer,False
TXN9422487543,ACC69599,ACC87697,416.36,Withdrawal,True
TXN6641751619,ACC37684,ACC70681,712.32,Transfer,False
TXN7160668900,ACC88153,ACC20677,752.37,Deposit,True
TXN8922195045,ACC23178,ACC32552,1395.27,Deposit,False
TXN6186045168,ACC56851,ACC90021,1174.75,Transfer,False
TXN1160189664,ACC78719,ACC38259,1242.46,Transfer,False
TXN2964791595,ACC36472,ACC96893,872.63,Withdrawal,False
TXN9293390364,ACC29164,ACC16121,540.64,Transfer,False
TXN3450594493,ACC60718,ACC19048,1146.73,Deposit,False
TXN6524975064,ACC23026,ACC93214,1201.56,Deposit,True
TXN2587701980,ACC51112,ACC72758,1065.72,Withdrawal,False
TXN4140419451,ACC75427,ACC31108,462.23,Transfer,False
TXN7891984901,ACC51575,ACC54890,765.79,Transfer,True
TXN2506568464,ACC20907,ACC76958,462.35,Transfer,True
TXN4172585703,ACC72542,ACC82377,1457.37,Transfer,True
TXN6562159635,ACC45743,ACC71307,411.11,Withdrawal,True
TXN4511284469,ACC38144,ACC34218,239.31,Deposit,False
TXN2161023423,ACC83854,ACC79026,1326.86,Deposit,False
TXN1094353264,ACC80118,ACC73164,548.03,Transfer,False
TXN6222233434,ACC56050,ACC64624,1012.88,Transfer,False
TXN4367678924,ACC83760,ACC32440,664.85,Withdrawal,True
TXN6384601784,ACC39856,ACC24658,1331.75,Transfer,False
TXN1968083968,ACC54077,ACC23684,297.46,Withdrawal,False
TXN4593628723,ACC84611,ACC53350,1005.65,Transfer,False
TXN7501274627,ACC52895,ACC97810,426.24,Transfer,False
TXN9569616698,ACC72948,ACC75322,486.73,Transfer,False
TXN5912948830,ACC23367,ACC56353,995.33,Transfer,True
TXN1986531839,ACC86247,ACC31249,940.8,Deposit,True
TXN8356708473,ACC41289,ACC99897,536.64,Deposit,False
TXN4290063257,ACC30916,ACC52983,1225.45,Deposit,False
TXN2945074212,ACC61414,ACC87149,1075.79,Withdrawal,False
TXN4507550717,ACC26647,ACC63782,425.58,Transfer,False
TXN4822042533,ACC27800,ACC69900,301.68,Withdrawal,True
TXN5282408511,ACC63134,ACC54899,189.27,Deposit,True
TXN5882730267,ACC69574,ACC42196,199.09,Deposit,False
TXN8236853729,ACC34544,ACC22881,1473.03,Withdrawal,True
TXN4598936094,ACC54388,ACC73926,1219.38,Transfer,True
TXN9009962207,ACC50244,ACC37552,1151.27,Transfer,True
TXN2671509786,ACC47642,ACC49609,702.72,Deposit,True
TXN6546831402,ACC95052,ACC66018,1425.1,Transfer,False
TXN7311146432,ACC64767,ACC81444,677.83,Withdrawal,False
TXN4433757533,ACC47545,ACC63108,1494.01,Transfer,False
TXN1041633816,ACC60899,ACC59622,734.06,Withdrawal,True
TXN4417009985,ACC71245,ACC83737,638.32,Transfer,False
TXN7456715309,ACC38285,ACC27531,436.78,Transfer,True
TXN1864085218,ACC33315,ACC48785,728.37,Withdrawal,False
TXN5872179478,ACC45373,ACC85398,521.21,Deposit,False
TXN6270102821,ACC91943,ACC35382,354.71,Deposit,True
TXN9176993298,ACC54899,ACC91669,1354.86,Transfer,True
TXN1290161980,ACC25507,ACC63233,1152.37,Deposit,False
TXN6320952191,ACC94090,ACC46023,960.36,Transfer,True
TXN9135751221,ACC70107,ACC29493,749.78,Transfer,True
TXN8310897263,ACC32083,ACC28978,860.27,Deposit,False
TXN9898212544,ACC25289,ACC87765,678.84,Withdrawal,False
TXN6455739728,ACC33817,ACC65983,1158.51,Withdrawal,False
TXN5589441104,ACC49865,ACC86726,1081.36,Transfer,True
TXN3988853414,ACC11540,ACC81346,188.7,Withdrawal,False
TXN5398070716,ACC25990,ACC35086,325.32,Withdrawal,False
TXN4966699908,ACC63657,ACC65237,778.32,Deposit,False
TXN1194686799,ACC17441,ACC84695,1334.29,Transfer,True
TXN9725089598,ACC20418,ACC75675,1375.3,Withdrawal,False
TXN8460678344,ACC40938,ACC18461,187.41,Deposit,True
TXN4656100555,ACC65243,ACC64838,770.19,Transfer,True
TXN5456829217,ACC47279,ACC60511,1147.8,Withdrawal,False
TXN6023233537,ACC31607,ACC40732,689.86,Deposit,True
TXN6980683657,ACC49408,ACC26901,539.4,Transfer,True
TXN6721573629,ACC79097,ACC37128,198.18,Deposit,False
TXN7266570556,ACC38775,ACC48865,318.92,Withdrawal,False
TXN2877832200,ACC48963,ACC47641,978.96,Transfer,False
TXN6689630393,ACC54726,ACC89370,655.98,Deposit,False
TXN6736220776,ACC24619,ACC95826,744.4,Withdrawal,True
TXN8299962548,ACC73211,ACC16021,916.9,Deposit,True
TXN6815949443,ACC13689,ACC68542,1209.34,Deposit,True
TXN8694667992,ACC55725,ACC71473,1084.97,Withdrawal,True
TXN9262315756,ACC50252,ACC52823,1083.95,Deposit,True
TXN4821129470,ACC77377,ACC11572,272.9,Withdrawal,False
TXN9706461583,ACC23210,ACC18968,579.04,Deposit,False
TXN5819697000,ACC91947,ACC51744,481.35,Transfer,True
TXN2677873639,ACC12696,ACC17457,601.6,Deposit,True
TXN7999541068,ACC23220,ACC67272,406.17,Withdrawal,False
TXN8857190097,ACC63630,ACC83176,992.79,Withdrawal,False
TXN8419273555,ACC76684,ACC31384,1100.21,Transfer,True
TXN8127650690,ACC67469,ACC21488,1131.07,Deposit,False
TXN6489321656,ACC55326,ACC15157,1326.1,Deposit,False
TXN3562708287,ACC29500,ACC57773,675.48,Withdrawal,True
TXN3580164111,ACC68685,ACC36989,178.14,Withdrawal,True
TXN9375157430,ACC38711,ACC98722,822.69,Withdrawal,True
TXN8635520804,ACC17584,ACC32226,592.99,Transfer,True
TXN3642265035,ACC58817,ACC15152,190.95,Withdrawal,False
TXN4373536434,ACC58423,ACC85547,1107.52,Withdrawal,True
TXN5519692100,ACC29209,ACC17339,384.19,Transfer,False
TXN9725121816,ACC56902,ACC86151,591.01,Transfer,True
TXN9841219846,ACC24856,ACC54104,265.23,Withdrawal,True
TXN3964673333,ACC55016,ACC31584,256.9,Transfer,False
TXN1724194072,ACC93381,ACC72286,1114.66,Withdrawal,False
TXN1371725692,ACC50985,ACC26850,525.89,Withdrawal,False
TXN7073945412,ACC89343,ACC11124,247.19,Withdrawal,False
TXN4751067640,ACC57443,ACC68403,307.44,Withdrawal,False
TXN8555110303,ACC12431,ACC50278,917.5,Transfer,False
TXN8858848074,ACC24867,ACC67672,149.97,Withdrawal,False
TXN7511269601,ACC14110,ACC40602,772.24,Withdrawal,False
TXN4828808629,ACC98880,ACC43497,1191.12,Deposit,False
TXN8847738852,ACC84364,ACC47327,399.24,Deposit,False
TXN8902547494,ACC14105,ACC72307,559.81,Withdrawal,True
TXN5149461862,ACC10098,ACC31423,402.64,Transfer,False
TXN5792754437,ACC50000,ACC92966,1215.46,Transfer,True
TXN4939876794,ACC40458,ACC54669,164.94,Transfer,True
TXN5124329693,ACC49933,ACC88043,777.59,Transfer,False
TXN7729611030,ACC48564,ACC54219,802.61,Deposit,True
TXN3969911632,ACC67884,ACC13991,369.05,Transfer,False
TXN6822416237,ACC98500,ACC12069,635.34,Withdrawal,True
TXN8918643323,ACC22774,ACC61845,646.29,Withdrawal,False
TXN2644019441,ACC69928,ACC15272,181.28,Withdrawal,True
TXN7066384355,ACC45635,ACC93414,381.94,Withdrawal,False
TXN3386767631,ACC59588,ACC63706,656.49,Deposit,True
TXN5268233590,ACC76335,ACC44209,693.73,Withdrawal,False
TXN9728180847,ACC83660,ACC31355,872.85,Transfer,False
TXN3181213064,ACC79424,ACC13917,1480.5,Transfer,True
TXN1983335898,ACC41052,ACC95407,1143.38,Transfer,False
TXN3785811199,ACC45754,ACC56026,507.32,Deposit,True
TXN2136436539,ACC85339,ACC40432,514.1,Deposit,True
TXN3610926310,ACC64812,ACC14886,333.81,Withdrawal,True
TXN2064272646,ACC44202,ACC82680,1123.09,Transfer,True
TXN9293693445,ACC60880,ACC94809,274.03,Withdrawal,True
TXN2348724644,ACC97883,ACC71524,319.5,Withdrawal,True
TXN7250272568,ACC49715,ACC10486,59.57,Withdrawal,False
TXN7758936451,ACC39682,ACC62283,1091.53,Deposit,True
TXN4930471112,ACC28678,ACC21230,1485.37,Withdrawal,False
TXN6661892244,ACC43334,ACC31560,179.93,Deposit,True
TXN9210129507,ACC98981,ACC73310,558.64,Deposit,False
TXN2679491739,ACC69673,ACC60940,919.35,Deposit,False
TXN6073923771,ACC31273,ACC75160,1285.8,Withdrawal,True
TXN9550044170,ACC45335,ACC10363,1098.28,Deposit,True
TXN2106828046,ACC68992,ACC32882,236.29,Transfer,False
TXN9649254386,ACC13948,ACC71806,378.9,Transfer,False
TXN7395336359,ACC79886,ACC14903,1340.76,Transfer,False
TXN2215717837,ACC95972,ACC50750,483.36,Withdrawal,True
TXN1676848215,ACC95938,ACC18507,199.81,Withdrawal,False
TXN2479413280,ACC76523,ACC95234,1341.86,Transfer,True
TXN3992032184,ACC16789,ACC21980,495.36,Transfer,False
