Transaction_ID,Sender_Account_ID,Receiver_Account_ID,Timestamp,Transaction_Type
TXN9520068950,ACC14994,ACC16656,2025-01-17 10:14:00,Deposit
TXN9412011085,ACC58958,ACC32826,2025-01-17 10:51:00,Withdrawal
TXN4407425052,ACC56321,ACC92481,2025-01-17 10:50:00,Withdrawal
TXN2214150284,ACC48650,ACC76457,2025-01-17 10:56:00,Transfer
TXN4247571145,ACC60921,ACC11419,2025-01-17 10:25:00,Deposit
TXN2515439857,ACC18381,ACC76710,2025-01-17 10:01:00,Withdrawal
TXN2169752734,ACC43792,ACC51105,2025-01-17 10:25:00,Withdrawal
TXN3109277527,ACC48227,ACC93536,2025-01-17 10:56:00,Deposit
TXN4541918858,ACC10284,ACC24018,2025-01-17 10:38:00,Withdrawal
TXN4229370499,ACC11531,ACC53580,2025-01-17 10:55:00,Transfer
TXN6355066290,ACC14006,ACC27800,2025-01-17 10:50:00,Transfer
TXN2166128709,ACC11156,ACC57086,2025-01-17 10:06:00,Deposit
TXN8655304785,ACC62917,ACC77317,2025-01-17 10:58:00,Deposit
TXN5194651812,ACC39081,ACC11992,2025-01-17 10:13:00,Deposit
TXN9153984217,ACC34065,ACC67993,2025-01-17 10:37:00,Deposit
TXN9743166792,ACC82066,ACC33985,2025-01-17 10:17:00,Transfer
TXN6682052855,ACC68764,ACC53807,2025-01-17 10:29:00,Transfer
TXN4351744832,ACC55704,ACC24911,2025-01-17 10:13:00,Deposit
TXN5897093700,ACC70859,ACC83767,2025-01-17 10:25:00,Deposit
TXN5863399870,ACC73740,ACC39244,2025-01-17 10:57:00,Transfer
TXN3008400720,ACC96801,ACC67913,2025-01-17 10:07:00,Withdrawal
TXN8954205071,ACC49428,ACC33014,2025-01-17 10:41:00,Transfer
TXN8076969401,ACC81687,ACC75202,2025-01-17 10:34:00,Deposit
TXN5541586171,ACC72546,ACC73085,2025-01-17 10:48:00,Withdrawal
TXN2415439100,ACC92329,ACC71125,2025-01-17 10:30:00,Transfer
TXN4822238918,ACC27604,ACC93416,2025-01-17 10:54:00,Withdrawal
TXN3884612815,ACC79800,ACC11375,2025-01-17 10:12:00,Withdrawal
TXN5126223597,ACC49116,ACC36754,2025-01-17 10:18:00,Withdrawal
TXN7417651729,ACC26106,ACC21043,2025-01-17 10:09:00,Transfer
TXN7538176865,ACC40510,ACC11454,2025-01-17 10:56:00,Transfer
TXN3914566506,ACC45926,ACC76590,2025-01-17 10:25:00,Withdrawal
TXN6302601632,ACC91042,ACC98945,2025-01-17 10:11:00,Transfer
TXN2088036535,ACC66635,ACC27770,2025-01-17 10:04:00,Transfer
TXN1675844695,ACC32328,ACC14535,2025-01-17 10:58:00,Transfer
TXN6661143500,ACC94124,ACC34396,2025-01-17 10:29:00,Transfer
TXN3325189406,ACC51150,ACC42784,2025-01-17 10:37:00,Transfer
TXN6805586313,ACC13179,ACC18973,2025-01-17 10:41:00,Withdrawal
TXN2113838138,ACC59845,ACC47976,2025-01-17 10:49:00,Withdrawal
TXN2956253396,ACC98407,ACC76557,2025-01-17 10:31:00,Withdrawal
TXN9549826715,ACC39544,ACC52922,2025-01-17 10:11:00,Withdrawal
TXN7131992962,ACC25089,ACC78786,2025-01-17 10:43:00,Withdrawal
TXN2209185137,ACC97614,ACC48951,2025-01-17 10:55:00,Deposit
TXN2465139688,ACC21498,ACC64106,2025-01-17 10:03:00,Transfer
TXN4231576514,ACC33069,ACC45185,2025-01-17 10:53:00,Withdrawal
TXN6050985831,ACC90300,ACC78072,2025-01-17 10:05:00,Withdrawal
TXN6614511449,ACC14564,ACC10609,2025-01-17 10:41:00,Withdrawal
TXN1408798870,ACC88133,ACC15217,2025-01-17 10:37:00,Transfer
TXN2483635578,ACC33701,ACC13238,2025-01-17 10:36:00,Withdrawal
TXN4437479248,ACC45830,ACC66726,2025-01-17 10:32:00,Withdrawal
TXN1414294833,ACC24121,ACC36934,2025-01-17 10:03:00,Deposit
TXN3244921303,ACC69633,ACC88988,2025-01-17 10:56:00,Withdrawal
TXN4585920895,ACC47679,ACC51725,2025-01-17 10:04:00,Deposit
TXN3085164852,ACC74608,ACC33619,2025-01-17 10:49:00,Transfer
TXN4215761542,ACC49303,ACC99378,2025-01-17 10:32:00,Deposit
TXN2921000330,ACC74920,ACC58633,2025-01-17 10:33:00,Withdrawal
TXN1245169622,ACC91787,ACC54608,2025-01-17 10:14:00,Withdrawal
TXN3864456208,ACC52721,ACC22595,2025-01-17 10:58:00,Withdrawal
TXN2157994961,ACC60872,ACC56165,2025-01-17 10:52:00,Deposit
TXN3293165874,ACC43244,ACC67743,2025-01-17 10:44:00,Withdrawal
TXN2467998038,ACC92520,ACC54323,2025-01-17 11:00:00,Withdrawal
TXN4014434434,ACC50922,ACC98669,2025-01-17 10:55:00,Transfer
TXN5548725719,ACC49858,ACC26440,2025-01-17 10:31:00,Deposit
TXN8905996384,ACC15856,ACC12045,2025-01-17 10:46:00,Deposit
TXN6478721697,ACC74483,ACC16913,2025-01-17 10:38:00,Deposit
TXN4336351484,ACC80523,ACC75671,2025-01-17 10:55:00,Deposit
TXN5262577229,ACC23680,ACC21510,2025-01-17 10:19:00,Deposit
TXN9214993999,ACC59081,ACC63217,2025-01-17 10:38:00,Withdrawal
TXN6819290771,ACC89817,ACC51611,2025-01-17 10:24:00,Withdrawal
TXN6762754838,ACC88574,ACC43420,2025-01-17 10:32:00,Withdrawal
TXN6621010350,ACC62557,ACC33681,2025-01-17 10:10:00,Transfer
TXN2716831379,ACC36992,ACC58355,2025-01-17 10:18:00,Transfer
TXN4412754237,ACC52000,ACC38394,2025-01-17 10:55:00,Transfer
TXN9958195472,ACC73496,ACC80439,2025-01-17 10:48:00,Withdrawal
TXN6513452870,ACC66844,ACC30757,2025-01-17 10:25:00,Deposit
TXN9430193570,ACC18315,ACC68473,2025-01-17 10:13:00,Deposit
TXN6154853073,ACC37651,ACC65346,2025-01-17 10:15:00,Withdrawal
TXN8166922226,ACC26967,ACC15608,2025-01-17 10:19:00,Withdrawal
TXN1289142632,ACC66840,ACC46222,2025-01-17 10:32:00,Transfer
TXN8741905833,ACC67128,ACC77786,2025-01-17 10:46:00,Transfer
TXN4267987212,ACC31799,ACC80677,2025-01-17 10:49:00,Withdrawal
TXN2821070438,ACC57649,ACC31216,2025-01-17 10:07:00,Transfer
TXN1672215014,ACC57995,ACC32223,2025-01-17 10:25:00,Withdrawal
TXN8113502181,ACC67528,ACC13653,2025-01-17 10:09:00,Deposit
TXN9237255174,ACC54120,ACC50698,2025-01-17 10:13:00,Deposit
TXN3528546769,ACC13553,ACC11678,2025-01-17 10:39:00,Transfer
TXN5396087707,ACC18004,ACC86789,2025-01-17 10:14:00,Transfer
TXN7046403704,ACC90900,ACC53471,2025-01-17 10:46:00,Withdrawal
TXN6246207885,ACC34364,ACC98698,2025-01-17 10:23:00,Transfer
TXN3337399700,ACC13343,ACC89104,2025-01-17 10:24:00,Deposit
TXN5508021804,ACC93597,ACC89011,2025-01-17 10:50:00,Deposit
TXN5377295849,ACC94970,ACC40110,2025-01-17 10:17:00,Withdrawal
TXN5873377008,ACC25767,ACC52947,2025-01-17 10:45:00,Withdrawal
TXN6379637727,ACC88149,ACC56767,2025-01-17 10:41:00,Transfer
TXN6032073253,ACC29569,ACC67695,2025-01-17 10:07:00,Transfer
TXN4435141979,ACC29421,ACC13222,2025-01-17 10:49:00,Transfer
TXN2596037056,ACC51541,ACC16323,2025-01-17 10:20:00,Withdrawal
TXN2003291230,ACC54543,ACC59805,2025-01-17 10:56:00,Withdrawal
TXN3688688205,ACC66486,ACC23899,2025-01-17 10:53:00,Withdrawal
TXN2239357669,ACC97992,ACC87898,2025-01-17 10:27:00,Withdrawal
TXN5485668345,ACC46185,ACC54485,2025-01-17 10:48:00,Transfer
TXN1251635719,ACC66754,ACC83421,2025-01-17 10:58:00,Transfer
TXN6762132763,ACC88711,ACC75053,2025-01-17 10:03:00,Withdrawal
TXN8623160750,ACC77809,ACC75035,2025-01-17 10:48:00,Withdrawal
TXN5936318239,ACC34015,ACC98334,2025-01-17 10:52:00,Withdrawal
TXN9200557220,ACC11202,ACC23780,2025-01-17 10:19:00,Transfer
TXN6966473752,ACC90065,ACC76152,2025-01-17 10:56:00,Transfer
TXN7094903743,ACC67955,ACC99356,2025-01-17 10:19:00,Transfer
TXN8282202403,ACC89596,ACC40926,2025-01-17 10:46:00,Withdrawal
TXN2346550714,ACC59386,ACC31436,2025-01-17 10:43:00,Deposit
TXN3001048865,ACC64461,ACC44992,2025-01-17 10:38:00,Transfer
TXN3954388296,ACC33685,ACC32275,2025-01-17 10:14:00,Transfer
TXN4350246343,ACC81201,ACC20704,2025-01-17 10:35:00,Transfer
TXN3226960880,ACC83398,ACC99759,2025-01-17 10:44:00,Transfer
TXN7891760943,ACC69922,ACC52904,2025-01-17 10:43:00,Transfer
TXN1937189886,ACC43888,ACC87309,2025-01-17 10:34:00,Deposit
TXN4264661286,ACC52163,ACC31994,2025-01-17 10:31:00,Withdrawal
TXN3465692464,ACC53784,ACC66043,2025-01-17 10:39:00,Transfer
TXN5769283480,ACC14634,ACC44684,2025-01-17 11:00:00,Transfer
TXN8525219190,ACC54648,ACC11205,2025-01-17 10:14:00,Withdrawal
TXN9707155018,ACC68228,ACC39270,2025-01-17 10:40:00,Deposit
TXN1600361546,ACC83231,ACC28803,2025-01-17 10:54:00,Withdrawal
TXN5364984512,ACC68793,ACC11919,2025-01-17 11:00:00,Deposit
TXN9190915445,ACC22862,ACC56214,2025-01-17 10:11:00,Deposit
TXN9993789277,ACC93052,ACC75393,2025-01-17 10:13:00,Deposit
TXN4326221784,ACC81249,ACC67099,2025-01-17 10:33:00,Withdrawal
TXN3052947958,ACC14822,ACC75071,2025-01-17 10:25:00,Withdrawal
TXN1092084478,ACC81497,ACC20308,2025-01-17 10:38:00,Deposit
TXN9572905121,ACC17884,ACC81417,2025-01-17 10:39:00,Transfer
TXN5843964744,ACC50985,ACC96391,2025-01-17 10:46:00,Deposit
TXN7450665604,ACC66864,ACC51253,2025-01-17 10:38:00,Deposit
TXN8164649264,ACC91303,ACC96936,2025-01-17 10:55:00,Withdrawal
TXN5795848137,ACC91551,ACC53217,2025-01-17 10:24:00,Withdrawal
TXN8343278895,ACC34139,ACC73264,2025-01-17 10:39:00,Withdrawal
TXN6206308673,ACC50016,ACC16610,2025-01-17 10:09:00,Transfer
TXN5071554698,ACC30548,ACC13373,2025-01-17 10:26:00,Deposit
TXN6341592948,ACC32012,ACC88630,2025-01-17 10:48:00,Transfer
TXN6010804010,ACC59380,ACC52745,2025-01-17 11:00:00,Withdrawal
TXN6766899632,ACC22489,ACC48565,2025-01-17 10:31:00,Transfer
TXN3026357479,ACC96637,ACC45161,2025-01-17 10:41:00,Withdrawal
TXN9295124367,ACC79913,ACC57156,2025-01-17 10:27:00,Withdrawal
TXN1661230242,ACC56152,ACC48714,2025-01-17 10:25:00,Deposit
TXN1971749955,ACC51032,ACC88363,2025-01-17 10:26:00,Deposit
TXN7902609594,ACC80258,ACC57380,2025-01-17 10:12:00,Transfer
TXN7992166468,ACC58190,ACC24649,2025-01-17 10:08:00,Withdrawal
TXN4342664555,ACC90317,ACC33256,2025-01-17 10:25:00,Transfer
TXN8112417243,ACC77643,ACC94743,2025-01-17 10:51:00,Transfer
TXN1337209397,ACC47312,ACC44295,2025-01-17 10:55:00,Withdrawal
TXN3239483041,ACC69369,ACC27407,2025-01-17 10:04:00,Withdrawal
TXN8594411611,ACC61170,ACC73104,2025-01-17 10:26:00,Deposit
TXN6822123619,ACC71070,ACC58930,2025-01-17 10:11:00,Deposit
TXN6454901818,ACC18477,ACC35128,2025-01-17 10:45:00,Transfer
TXN3094737504,ACC55747,ACC43787,2025-01-17 10:11:00,Transfer
TXN1325800005,ACC53355,ACC88440,2025-01-17 10:03:00,Deposit
TXN3721860915,ACC35584,ACC13364,2025-01-17 10:47:00,Transfer
TXN8960596167,ACC77337,ACC14932,2025-01-17 10:59:00,Transfer
TXN8567860618,ACC30119,ACC99246,2025-01-17 10:20:00,Withdrawal
TXN2567753845,ACC79919,ACC39708,2025-01-17 10:51:00,Deposit
TXN1783258965,ACC79528,ACC94835,2025-01-17 10:45:00,Deposit
TXN6569078109,ACC59886,ACC77651,2025-01-17 10:43:00,Withdrawal
TXN2359071560,ACC14335,ACC98744,2025-01-17 10:29:00,Deposit
TXN8283960952,ACC82403,ACC83827,2025-01-17 10:47:00,Transfer
TXN4210826474,ACC11545,ACC80855,2025-01-17 10:04:00,Transfer
TXN6009434046,ACC39012,ACC39126,2025-01-17 10:23:00,Transfer
TXN1719512608,ACC73354,ACC33847,2025-01-17 10:59:00,Deposit
TXN6960545700,ACC94010,ACC90072,2025-01-17 10:45:00,Withdrawal
TXN4205537111,ACC84409,ACC68618,2025-01-17 10:38:00,Transfer
TXN4387242707,ACC62867,ACC58378,2025-01-17 10:48:00,Withdrawal
TXN1231957148,ACC22767,ACC15053,2025-01-17 10:16:00,Withdrawal
TXN5388880723,ACC99165,ACC71591,2025-01-17 10:26:00,Transfer
TXN2331276401,ACC97833,ACC23301,2025-01-17 10:59:00,Deposit
TXN2332983910,ACC19647,ACC41163,2025-01-17 10:51:00,Transfer
TXN9541784204,ACC84924,ACC47753,2025-01-17 10:23:00,Withdrawal
TXN9572855642,ACC79077,ACC60005,2025-01-17 10:35:00,Transfer
TXN1422419582,ACC99315,ACC69134,2025-01-17 10:55:00,Transfer
TXN5779708393,ACC50669,ACC36490,2025-01-17 10:01:00,Transfer
TXN4181704626,ACC95406,ACC83717,2025-01-17 10:32:00,Deposit
TXN8861420026,ACC49511,ACC53019,2025-01-17 10:56:00,Transfer
TXN3799698655,ACC24754,ACC27643,2025-01-17 10:02:00,Deposit
TXN7810281706,ACC22851,ACC79506,2025-01-17 10:58:00,Transfer
TXN9850226469,ACC37786,ACC76771,2025-01-17 10:53:00,Transfer
TXN3750511080,ACC88972,ACC28381,2025-01-17 10:42:00,Transfer
TXN1548767950,ACC11070,ACC77895,2025-01-17 10:53:00,Deposit
TXN6414718450,ACC40091,ACC54913,2025-01-17 10:55:00,Transfer
TXN5456147067,ACC30350,ACC43122,2025-01-17 10:22:00,Transfer
TXN7966767439,ACC88548,ACC75385,2025-01-17 10:44:00,Transfer
TXN2768153137,ACC45808,ACC45800,2025-01-17 10:34:00,Transfer
TXN5246873289,ACC42742,ACC85405,2025-01-17 10:23:00,Withdrawal
TXN8359126525,ACC48193,ACC86891,2025-01-17 10:01:00,Deposit
TXN4034217983,ACC88799,ACC48171,2025-01-17 10:46:00,Deposit
TXN2357448364,ACC53364,ACC51280,2025-01-17 10:26:00,Withdrawal
TXN3342617288,ACC99232,ACC40298,2025-01-17 10:25:00,Deposit
TXN7830195715,ACC24247,ACC15009,2025-01-17 10:01:00,Deposit
TXN8864740605,ACC16485,ACC31111,2025-01-17 10:34:00,Deposit
TXN8449877320,ACC33934,ACC55639,2025-01-17 10:54:00,Withdrawal
TXN1640299129,ACC32963,ACC77206,2025-01-17 10:17:00,Withdrawal
TXN9838700245,ACC99387,ACC82129,2025-01-17 10:39:00,Withdrawal
TXN5922675949,ACC24773,ACC49515,2025-01-17 10:17:00,Transfer
TXN3099410634,ACC45867,ACC31061,2025-01-17 10:50:00,Withdrawal
TXN3775779664,ACC31302,ACC92735,2025-01-17 10:59:00,Withdrawal
TXN7459821975,ACC85542,ACC68798,2025-01-17 10:46:00,Deposit
TXN8075491777,ACC22964,ACC67828,2025-01-17 10:36:00,Transfer
TXN1288003827,ACC90218,ACC96495,2025-01-17 10:11:00,Transfer
TXN4769969230,ACC62274,ACC60301,2025-01-17 10:04:00,Withdrawal
TXN9703349688,ACC12686,ACC24401,2025-01-17 10:18:00,Withdrawal
TXN1191908152,ACC68233,ACC96195,2025-01-17 10:17:00,Deposit
TXN8215188209,ACC74353,ACC33742,2025-01-17 10:35:00,Deposit
TXN2591216678,ACC16273,ACC80059,2025-01-17 10:36:00,Deposit
TXN1657854140,ACC80448,ACC17647,2025-01-17 10:10:00,Transfer
TXN6423807883,ACC57145,ACC33986,2025-01-17 10:34:00,Transfer
TXN2911402677,ACC68322,ACC44762,2025-01-17 10:50:00,Transfer
TXN3004498462,ACC41245,ACC33168,2025-01-17 10:02:00,Deposit
TXN8761342560,ACC33864,ACC18989,2025-01-17 10:04:00,Deposit
TXN9179726148,ACC70138,ACC15338,2025-01-17 10:54:00,Deposit
TXN2407769213,ACC35352,ACC22759,2025-01-17 11:00:00,Transfer
TXN8132394228,ACC16963,ACC95542,2025-01-17 10:24:00,Deposit
TXN7938524187,ACC54368,ACC39408,2025-01-17 10:52:00,Transfer
TXN6872957419,ACC90513,ACC47248,2025-01-17 10:48:00,Transfer
TXN8900635637,ACC94120,ACC38990,2025-01-17 10:08:00,Withdrawal
TXN3907059390,ACC92957,ACC88670,2025-01-17 10:03:00,Transfer
TXN8299674970,ACC68128,ACC30369,2025-01-17 10:13:00,Withdrawal
TXN7343962419,ACC85096,ACC86376,2025-01-17 10:47:00,Withdrawal
TXN5245549593,ACC18763,ACC62616,2025-01-17 10:43:00,Withdrawal
TXN4345176866,ACC70246,ACC68622,2025-01-17 10:43:00,Deposit
TXN1560479237,ACC90210,ACC78955,2025-01-17 10:57:00,Deposit
TXN5092379896,ACC51099,ACC58882,2025-01-17 10:46:00,Deposit
TXN6843260624,ACC51051,ACC92100,2025-01-17 10:55:00,Withdrawal
TXN8489127084,ACC68214,ACC69691,2025-01-17 10:05:00,Withdrawal
TXN7338773006,ACC37632,ACC15124,2025-01-17 10:53:00,Transfer
TXN5880566258,ACC66001,ACC91457,2025-01-17 10:05:00,Transfer
TXN2413731893,ACC49033,ACC49745,2025-01-17 10:42:00,Deposit
TXN4537775371,ACC23590,ACC29213,2025-01-17 10:39:00,Deposit
TXN9281433787,ACC89865,ACC80153,2025-01-17 10:40:00,Deposit
TXN5874991898,ACC67656,ACC83670,2025-01-17 10:21:00,Transfer
TXN3291589485,ACC85126,ACC72358,2025-01-17 10:24:00,Deposit
TXN1349130936,ACC61457,ACC40460,2025-01-17 10:21:00,Deposit
TXN8148340158,ACC21753,ACC20750,2025-01-17 10:56:00,Deposit
TXN9928470605,ACC51910,ACC64761,2025-01-17 10:57:00,Transfer
TXN2200351148,ACC22516,ACC13675,2025-01-17 10:27:00,Withdrawal
TXN4624273975,ACC24347,ACC81604,2025-01-17 10:37:00,Deposit
TXN9937533232,ACC37249,ACC24107,2025-01-17 10:08:00,Transfer
TXN1696527060,ACC44804,ACC26269,2025-01-17 10:54:00,Transfer
TXN7597097822,ACC86387,ACC40915,2025-01-17 10:20:00,Transfer
TXN2915893387,ACC49543,ACC87457,2025-01-17 10:25:00,Transfer
TXN4827977949,ACC60988,ACC50730,2025-01-17 10:54:00,Transfer
TXN6617448958,ACC14377,ACC64719,2025-01-17 10:53:00,Deposit
TXN6280767843,ACC90421,ACC28114,2025-01-17 10:17:00,Deposit
TXN5271444103,ACC37740,ACC86799,2025-01-17 10:47:00,Transfer
TXN1536273608,ACC96845,ACC91092,2025-01-17 10:23:00,Deposit
TXN3937314067,ACC92362,ACC12289,2025-01-17 10:56:00,Transfer
TXN2720807903,ACC93407,ACC21651,2025-01-17 10:11:00,Withdrawal
TXN7452848702,ACC88337,ACC60532,2025-01-17 10:07:00,Transfer
TXN4755755598,ACC65228,ACC34461,2025-01-17 10:10:00,Withdrawal
TXN1760011640,ACC94252,ACC77910,2025-01-17 10:45:00,Deposit
TXN6811608436,ACC60684,ACC15125,2025-01-17 10:20:00,Transfer
TXN8157291340,ACC85639,ACC80929,2025-01-17 10:49:00,Transfer
TXN6948194620,ACC36199,ACC30649,2025-01-17 10:11:00,Deposit
TXN3765488448,ACC74791,ACC19859,2025-01-17 10:35:00,Transfer
TXN5349103389,ACC84937,ACC14567,2025-01-17 10:02:00,Withdrawal
TXN3634235632,ACC70124,ACC20440,2025-01-17 10:25:00,Withdrawal
TXN3987830639,ACC47706,ACC73922,2025-01-17 10:52:00,Withdrawal
TXN6827741081,ACC40276,ACC13338,2025-01-17 10:55:00,Withdrawal
TXN7760115770,ACC82828,ACC36212,2025-01-17 10:26:00,Transfer
TXN2349552755,ACC20603,ACC64354,2025-01-17 10:52:00,Transfer
TXN2205129655,ACC32633,ACC42325,2025-01-17 10:11:00,Deposit
TXN5544938025,ACC60930,ACC55417,2025-01-17 10:24:00,Deposit
TXN8520574795,ACC48834,ACC48167,2025-01-17 10:19:00,Deposit
TXN1987186978,ACC11072,ACC37746,2025-01-17 10:11:00,Transfer
TXN6111915454,ACC46679,ACC27556,2025-01-17 10:30:00,Transfer
TXN5332044415,ACC76092,ACC29666,2025-01-17 10:06:00,Withdrawal
TXN7915670502,ACC23770,ACC81872,2025-01-17 10:35:00,Deposit
TXN2643911906,ACC42513,ACC94355,2025-01-17 10:39:00,Deposit
TXN8620085823,ACC39090,ACC49458,2025-01-17 10:06:00,Transfer
TXN4548697356,ACC77920,ACC10329,2025-01-17 10:40:00,Transfer
TXN1435383761,ACC43553,ACC94408,2025-01-17 10:29:00,Withdrawal
TXN3005575371,ACC41096,ACC27545,2025-01-17 10:30:00,Transfer
TXN4457314718,ACC84357,ACC99000,2025-01-17 10:17:00,Transfer
TXN2695316508,ACC59341,ACC41010,2025-01-17 10:51:00,Deposit
TXN2013712439,ACC70445,ACC79951,2025-01-17 10:11:00,Transfer
TXN1586213339,ACC93764,ACC33894,2025-01-17 10:07:00,Transfer
TXN4702742989,ACC60516,ACC31378,2025-01-17 10:05:00,Deposit
TXN7957686611,ACC38995,ACC74535,2025-01-17 10:09:00,Transfer
TXN2478085562,ACC50602,ACC23555,2025-01-17 10:13:00,Transfer
TXN3007228135,ACC84076,ACC73219,2025-01-17 10:21:00,Withdrawal
TXN9326625381,ACC28204,ACC97616,2025-01-17 10:29:00,Transfer
TXN3238274353,ACC78774,ACC16571,2025-01-17 10:38:00,Deposit
TXN1978796225,ACC75912,ACC81334,2025-01-17 10:33:00,Withdrawal
TXN3309554973,ACC31641,ACC89448,2025-01-17 10:39:00,Withdrawal
TXN7460255392,ACC30395,ACC69061,2025-01-17 10:45:00,Deposit
TXN4683838708,ACC97548,ACC41959,2025-01-17 10:28:00,Transfer
TXN8503880040,ACC25310,ACC62373,2025-01-17 10:21:00,Transfer
TXN8622771982,ACC82285,ACC37850,2025-01-17 10:46:00,Withdrawal
TXN9831119424,ACC72956,ACC76225,2025-01-17 10:56:00,Withdrawal
TXN8058810575,ACC72602,ACC81316,2025-01-17 10:16:00,Withdrawal
TXN7995329384,ACC22887,ACC77756,2025-01-17 10:40:00,Withdrawal
TXN5244246982,ACC96030,ACC68425,2025-01-17 10:51:00,Deposit
TXN1214214618,ACC73255,ACC16562,2025-01-17 10:24:00,Withdrawal
TXN9329992317,ACC32059,ACC62896,2025-01-17 10:22:00,Deposit
TXN3559474519,ACC95922,ACC88691,2025-01-17 10:55:00,Deposit
TXN4192170575,ACC38323,ACC88461,2025-01-17 10:42:00,Transfer
TXN9205676914,ACC99891,ACC18193,2025-01-17 10:32:00,Transfer
TXN9089466769,ACC67630,ACC31727,2025-01-17 10:06:00,Withdrawal
TXN1525947631,ACC88611,ACC17504,2025-01-17 10:47:00,Withdrawal
TXN2967565010,ACC52765,ACC17647,2025-01-17 10:39:00,Deposit
TXN3831013249,ACC74018,ACC41258,2025-01-17 10:02:00,Deposit
TXN8479002355,ACC34645,ACC59787,2025-01-17 10:47:00,Withdrawal
TXN8781462679,ACC32307,ACC28376,2025-01-17 10:57:00,Transfer
TXN3797326632,ACC17079,ACC90748,2025-01-17 10:32:00,Transfer
TXN1777850076,ACC32679,ACC81450,2025-01-17 10:11:00,Transfer
TXN2044765741,ACC78879,ACC14470,2025-01-17 10:53:00,Deposit
TXN9943868344,ACC47893,ACC40785,2025-01-17 10:42:00,Transfer
TXN8262818336,ACC52547,ACC63134,2025-01-17 10:44:00,Transfer
TXN2373253528,ACC97327,ACC44378,2025-01-17 10:22:00,Transfer
TXN9296634856,ACC63853,ACC63130,2025-01-17 10:58:00,Withdrawal
TXN4416733764,ACC25311,ACC52411,2025-01-17 10:50:00,Deposit
TXN4715125973,ACC26336,ACC12865,2025-01-17 10:24:00,Transfer
TXN1293504093,ACC52960,ACC65654,2025-01-17 10:10:00,Transfer
TXN5402872631,ACC10398,ACC13115,2025-01-17 10:22:00,Transfer
TXN8058414110,ACC96309,ACC33210,2025-01-17 10:36:00,Deposit
TXN1804188246,ACC70325,ACC90820,2025-01-17 10:55:00,Deposit
TXN6256269209,ACC19011,ACC25721,2025-01-17 10:49:00,Transfer
TXN4719214031,ACC90519,ACC47130,2025-01-17 10:19:00,Withdrawal
TXN9644247673,ACC94820,ACC64337,2025-01-17 10:09:00,Withdrawal
TXN4038631801,ACC97742,ACC36014,2025-01-17 10:06:00,Transfer
TXN3710024296,ACC13717,ACC77116,2025-01-17 10:33:00,Withdrawal
TXN6322314609,ACC20729,ACC41588,2025-01-17 10:51:00,Transfer
TXN2046870073,ACC52631,ACC87532,2025-01-17 10:55:00,Withdrawal
TXN5078779271,ACC40213,ACC90437,2025-01-17 10:22:00,Deposit
TXN8272540722,ACC54935,ACC25665,2025-01-17 10:01:00,Withdrawal
TXN8956956973,ACC37317,ACC49961,2025-01-17 10:25:00,Withdrawal
TXN1183529701,ACC88880,ACC90819,2025-01-17 10:57:00,Withdrawal
TXN3581606217,ACC78890,ACC44155,2025-01-17 10:53:00,Withdrawal
TXN8836932523,ACC27506,ACC72599,2025-01-17 10:31:00,Transfer
TXN6844399702,ACC80355,ACC18439,2025-01-17 10:18:00,Withdrawal
TXN9753006039,ACC68822,ACC16251,2025-01-17 10:05:00,Withdrawal
TXN9155119110,ACC50413,ACC36346,2025-01-17 10:14:00,Withdrawal
TXN4482249133,ACC17762,ACC70271,2025-01-17 10:37:00,Transfer
TXN4817008281,ACC83523,ACC74796,2025-01-17 10:17:00,Withdrawal
TXN3215135557,ACC52777,ACC69706,2025-01-17 10:10:00,Transfer
TXN2294957204,ACC73260,ACC33563,2025-01-17 10:59:00,Withdrawal
TXN5515093118,ACC90096,ACC86295,2025-01-17 10:42:00,Transfer
TXN5955230998,ACC41859,ACC76935,2025-01-17 10:45:00,Deposit
TXN7683609463,ACC34002,ACC28087,2025-01-17 10:48:00,Withdrawal
TXN9272395195,ACC32275,ACC71363,2025-01-17 10:11:00,Transfer
TXN3523224916,ACC48463,ACC44249,2025-01-17 10:58:00,Withdrawal
TXN1093768801,ACC80825,ACC64136,2025-01-17 10:27:00,Transfer
TXN5422336942,ACC28851,ACC62524,2025-01-17 10:42:00,Transfer
TXN5693088212,ACC42629,ACC27937,2025-01-17 10:50:00,Deposit
TXN1895509653,ACC26148,ACC50497,2025-01-17 10:59:00,Deposit
TXN4864313140,ACC92864,ACC70845,2025-01-17 10:54:00,Withdrawal
TXN3921821159,ACC26387,ACC28310,2025-01-17 10:21:00,Withdrawal
TXN3473885435,ACC61843,ACC72282,2025-01-17 10:51:00,Deposit
TXN8723172315,ACC60861,ACC60371,2025-01-17 10:18:00,Withdrawal
TXN4717279150,ACC26092,ACC16514,2025-01-17 10:53:00,Withdrawal
TXN2144060017,ACC67900,ACC32304,2025-01-17 10:47:00,Transfer
TXN3506993682,ACC78750,ACC36439,2025-01-17 10:07:00,Deposit
TXN3465112627,ACC66845,ACC77043,2025-01-17 10:54:00,Transfer
TXN2795257887,ACC47080,ACC55617,2025-01-17 10:26:00,Deposit
TXN4445805450,ACC71350,ACC83566,2025-01-17 10:23:00,Deposit
TXN6234566048,ACC69741,ACC64983,2025-01-17 10:36:00,Deposit
TXN7967055596,ACC75603,ACC32073,2025-01-17 10:56:00,Withdrawal
TXN1754402542,ACC85076,ACC27946,2025-01-17 10:29:00,Deposit
TXN8149798658,ACC51762,ACC51094,2025-01-17 10:10:00,Withdrawal
TXN3866221574,ACC24246,ACC83779,2025-01-17 10:13:00,Transfer
TXN7074825756,ACC80128,ACC82248,2025-01-17 10:01:00,Deposit
TXN1264483408,ACC92615,ACC20606,2025-01-17 10:05:00,Deposit
TXN2630973907,ACC76870,ACC76210,2025-01-17 10:41:00,Withdrawal
TXN6559269684,ACC19685,ACC72460,2025-01-17 10:57:00,Transfer
TXN5264915932,ACC94323,ACC61092,2025-01-17 10:01:00,Withdrawal
TXN2571649134,ACC30528,ACC36351,2025-01-17 10:08:00,Deposit
TXN7009664995,ACC12808,ACC87838,2025-01-17 10:03:00,Deposit
TXN1865615153,ACC97862,ACC11323,2025-01-17 10:47:00,Deposit
TXN4168078707,ACC66726,ACC28270,2025-01-17 10:05:00,Deposit
TXN8990079335,ACC97560,ACC37375,2025-01-17 10:36:00,Deposit
TXN4521283693,ACC91378,ACC54434,2025-01-17 11:00:00,Deposit
TXN1398097487,ACC99684,ACC66040,2025-01-17 10:51:00,Deposit
TXN8373322501,ACC83947,ACC42631,2025-01-17 10:09:00,Withdrawal
TXN4905953142,ACC86519,ACC44726,2025-01-17 10:35:00,Withdrawal
TXN5052028045,ACC19518,ACC25846,2025-01-17 10:46:00,Withdrawal
TXN4933949135,ACC43784,ACC35641,2025-01-17 10:44:00,Deposit
TXN1428054922,ACC82828,ACC77176,2025-01-17 10:05:00,Deposit
TXN3264969836,ACC85810,ACC97228,2025-01-17 10:40:00,Transfer
TXN8730102843,ACC80637,ACC10646,2025-01-17 10:13:00,Deposit
TXN2498617562,ACC70544,ACC22763,2025-01-17 10:23:00,Transfer
TXN8239315689,ACC26031,ACC13443,2025-01-17 10:32:00,Withdrawal
TXN6622880955,ACC73505,ACC41835,2025-01-17 10:23:00,Transfer
TXN1889402287,ACC97828,ACC93951,2025-01-17 10:55:00,Transfer
TXN4190406320,ACC19348,ACC46748,2025-01-17 10:56:00,Transfer
TXN2969596138,ACC45896,ACC17672,2025-01-17 10:27:00,Withdrawal
TXN3316454211,ACC10811,ACC86980,2025-01-17 10:12:00,Transfer
TXN7693168196,ACC15750,ACC20083,2025-01-17 10:55:00,Deposit
TXN5423422909,ACC96725,ACC59742,2025-01-17 10:47:00,Withdrawal
TXN8130580934,ACC29795,ACC77438,2025-01-17 10:24:00,Deposit
TXN4627141841,ACC87313,ACC58959,2025-01-17 10:06:00,Transfer
TXN7937750067,ACC26501,ACC19142,2025-01-17 10:15:00,Transfer
TXN8577286135,ACC46443,ACC59429,2025-01-17 10:21:00,Withdrawal
TXN1219225315,ACC54593,ACC35168,2025-01-17 10:17:00,Withdrawal
TXN2545526306,ACC47841,ACC84653,2025-01-17 10:32:00,Transfer
TXN1685334204,ACC78888,ACC97477,2025-01-17 10:17:00,Withdrawal
TXN2285178903,ACC42281,ACC37349,2025-01-17 10:32:00,Deposit
TXN7466999126,ACC25572,ACC90703,2025-01-17 10:29:00,Deposit
TXN5090978131,ACC10108,ACC93985,2025-01-17 10:04:00,Transfer
TXN1473484512,ACC79935,ACC87619,2025-01-17 10:34:00,Deposit
TXN4075718503,ACC78766,ACC81516,2025-01-17 10:52:00,Transfer
TXN3768567525,ACC81464,ACC81646,2025-01-17 10:38:00,Deposit
TXN9598663738,ACC23360,ACC80434,2025-01-17 10:29:00,Withdrawal
TXN1875086020,ACC99006,ACC20011,2025-01-17 10:53:00,Withdrawal
TXN6457249658,ACC13820,ACC22675,2025-01-17 10:54:00,Deposit
TXN1042740208,ACC44135,ACC93631,2025-01-17 10:01:00,Transfer
TXN9407033145,ACC54419,ACC37965,2025-01-17 10:05:00,Transfer
TXN1739236868,ACC39496,ACC12590,2025-01-17 10:18:00,Transfer
TXN2373830710,ACC59448,ACC50554,2025-01-17 10:03:00,Deposit
TXN9758276810,ACC42292,ACC46336,2025-01-17 10:52:00,Deposit
TXN5388688267,ACC17167,ACC98216,2025-01-17 10:25:00,Deposit
TXN3992981513,ACC61600,ACC42975,2025-01-17 10:05:00,Transfer
TXN5725214404,ACC30050,ACC22352,2025-01-17 10:51:00,Deposit
TXN4449093390,ACC82733,ACC38763,2025-01-17 10:57:00,Withdrawal
TXN1051341758,ACC82436,ACC93972,2025-01-17 10:55:00,Withdrawal
TXN2584988889,ACC60207,ACC17005,2025-01-17 10:36:00,Withdrawal
TXN1136280450,ACC58515,ACC82997,2025-01-17 10:41:00,Transfer
TXN8145013884,ACC16684,ACC65897,2025-01-17 10:38:00,Deposit
TXN3213179630,ACC63547,ACC22247,2025-01-17 10:27:00,Withdrawal
TXN8773533808,ACC44819,ACC97385,2025-01-17 10:18:00,Deposit
TXN3517372456,ACC70412,ACC83087,2025-01-17 10:42:00,Withdrawal
TXN9255711120,ACC52161,ACC74234,2025-01-17 10:22:00,Withdrawal
TXN1026668467,ACC36112,ACC39686,2025-01-17 10:21:00,Withdrawal
TXN8823192902,ACC83967,ACC72954,2025-01-17 10:36:00,Deposit
TXN1506358242,ACC82897,ACC61397,2025-01-17 10:01:00,Transfer
TXN2056037159,ACC50236,ACC84271,2025-01-17 10:21:00,Withdrawal
TXN7318070182,ACC33979,ACC39144,2025-01-17 10:30:00,Transfer
TXN8235711783,ACC54288,ACC92031,2025-01-17 10:47:00,Transfer
TXN1261240074,ACC90621,ACC33562,2025-01-17 10:18:00,Withdrawal
TXN1879342618,ACC77551,ACC64850,2025-01-17 10:34:00,Withdrawal
TXN5592835255,ACC83222,ACC15379,2025-01-17 10:51:00,Transfer
TXN9862425974,ACC40717,ACC54938,2025-01-17 10:47:00,Transfer
TXN2477062271,ACC80611,ACC48199,2025-01-17 10:08:00,Withdrawal
TXN6593949300,ACC94052,ACC92241,2025-01-17 11:00:00,Transfer
TXN1710747845,ACC54508,ACC76859,2025-01-17 10:46:00,Transfer
TXN5258198773,ACC89017,ACC53126,2025-01-17 10:10:00,Transfer
TXN1578471232,ACC15227,ACC49623,2025-01-17 10:50:00,Transfer
TXN1976924179,ACC83776,ACC82152,2025-01-17 10:49:00,Withdrawal
TXN1514038740,ACC25986,ACC14717,2025-01-17 10:32:00,Withdrawal
TXN5340375676,ACC14278,ACC69811,2025-01-17 10:59:00,Withdrawal
TXN2600080898,ACC24168,ACC54187,2025-01-17 10:29:00,Deposit
TXN8863707194,ACC16862,ACC11262,2025-01-17 10:22:00,Withdrawal
TXN2152224485,ACC81776,ACC17057,2025-01-17 10:56:00,Withdrawal
TXN1560794795,ACC61408,ACC65100,2025-01-17 10:19:00,Deposit
TXN7811489633,ACC82132,ACC67444,2025-01-17 10:29:00,Deposit
TXN8065405961,ACC88942,ACC30664,2025-01-17 10:09:00,Deposit
TXN5349278466,ACC17037,ACC21803,2025-01-17 10:26:00,Withdrawal
TXN4508861333,ACC70626,ACC54925,2025-01-17 10:34:00,Withdrawal
TXN9591402229,ACC66411,ACC85248,2025-01-17 10:14:00,Deposit
TXN6010561557,ACC95145,ACC19157,2025-01-17 10:23:00,Transfer
TXN4592850855,ACC54180,ACC62788,2025-01-17 10:59:00,Transfer
TXN8022246760,ACC33515,ACC12270,2025-01-17 10:58:00,Transfer
TXN9490755951,ACC46586,ACC20319,2025-01-17 10:24:00,Transfer
TXN5703695908,ACC71632,ACC68862,2025-01-17 10:19:00,Withdrawal
TXN4175568505,ACC29057,ACC51605,2025-01-17 10:30:00,Deposit
TXN1292145399,ACC71625,ACC14447,2025-01-17 10:34:00,Deposit
TXN8482029253,ACC98343,ACC94038,2025-01-17 10:55:00,Transfer
TXN3745560897,ACC34706,ACC74207,2025-01-17 10:12:00,Withdrawal
TXN6850517635,ACC14761,ACC96544,2025-01-17 10:49:00,Deposit
TXN9048178318,ACC98875,ACC12414,2025-01-17 10:17:00,Transfer
TXN7081421607,ACC88081,ACC33118,2025-01-17 10:42:00,Withdrawal
TXN3229991141,ACC60117,ACC51255,2025-01-17 10:42:00,Transfer
TXN2567312830,ACC95501,ACC10188,2025-01-17 10:25:00,Deposit
TXN9451536828,ACC62122,ACC26214,2025-01-17 10:21:00,Withdrawal
TXN6438578473,ACC29178,ACC31487,2025-01-17 10:14:00,Deposit
TXN7347670619,ACC75685,ACC92454,2025-01-17 10:29:00,Deposit
TXN1804071554,ACC73139,ACC10365,2025-01-17 10:37:00,Transfer
TXN6314106772,ACC18533,ACC39186,2025-01-17 10:12:00,Deposit
TXN5952543306,ACC35980,ACC59716,2025-01-17 10:52:00,Deposit
TXN3960056916,ACC57367,ACC98500,2025-01-17 10:56:00,Transfer
TXN2738370974,ACC83707,ACC15731,2025-01-17 10:09:00,Withdrawal
TXN7765840896,ACC58221,ACC36613,2025-01-17 10:14:00,Transfer
TXN3732099369,ACC25052,ACC46633,2025-01-17 10:08:00,Deposit
TXN5811407789,ACC87258,ACC31975,2025-01-17 10:53:00,Transfer
TXN3572064871,ACC66129,ACC88485,2025-01-17 10:26:00,Transfer
TXN5530860650,ACC41494,ACC38025,2025-01-17 10:16:00,Deposit
TXN8297322746,ACC95784,ACC52100,2025-01-17 10:57:00,Transfer
TXN4789765472,ACC76577,ACC55052,2025-01-17 10:29:00,Transfer
TXN4983297393,ACC24008,ACC96031,2025-01-17 10:09:00,Transfer
TXN9765597378,ACC22952,ACC26670,2025-01-17 10:13:00,Withdrawal
TXN4214354284,ACC59051,ACC81518,2025-01-17 10:06:00,Withdrawal
TXN8722779257,ACC22975,ACC45396,2025-01-17 10:22:00,Transfer
TXN9270204123,ACC96790,ACC82293,2025-01-17 10:57:00,Transfer
TXN3424483698,ACC27892,ACC99186,2025-01-17 10:06:00,Withdrawal
TXN9917648306,ACC88990,ACC64737,2025-01-17 11:00:00,Withdrawal
TXN6541081268,ACC38200,ACC58113,2025-01-17 10:21:00,Deposit
TXN6196239147,ACC17474,ACC26228,2025-01-17 10:11:00,Deposit
TXN9746917222,ACC65526,ACC29018,2025-01-17 10:25:00,Deposit
TXN2320178526,ACC86771,ACC38158,2025-01-17 10:17:00,Deposit
TXN2194042729,ACC77671,ACC70740,2025-01-17 10:58:00,Deposit
TXN1463585343,ACC52594,ACC61352,2025-01-17 10:37:00,Deposit
TXN1968611398,ACC86893,ACC47672,2025-01-17 10:01:00,Deposit
TXN6502377673,ACC69604,ACC73317,2025-01-17 10:23:00,Withdrawal
TXN9235977703,ACC93288,ACC51744,2025-01-17 10:50:00,Transfer
TXN8812176395,ACC57534,ACC72211,2025-01-17 10:03:00,Withdrawal
TXN4083792867,ACC31169,ACC70535,2025-01-17 10:20:00,Deposit
TXN9697363753,ACC23612,ACC74572,2025-01-17 10:23:00,Deposit
TXN9829142303,ACC91562,ACC45567,2025-01-17 10:38:00,Transfer
TXN8920436907,ACC11957,ACC58562,2025-01-17 10:38:00,Transfer
TXN2662283774,ACC43896,ACC70488,2025-01-17 10:21:00,Transfer
TXN7267935231,ACC10570,ACC45348,2025-01-17 10:34:00,Withdrawal
TXN6779980830,ACC16677,ACC37967,2025-01-17 10:49:00,Withdrawal
TXN4785520039,ACC13307,ACC37883,2025-01-17 10:34:00,Withdrawal
TXN5691250882,ACC49257,ACC56878,2025-01-17 10:34:00,Transfer
TXN6392999780,ACC61134,ACC81577,2025-01-17 10:02:00,Deposit
TXN2889971008,ACC79989,ACC65977,2025-01-17 10:25:00,Transfer
TXN7454573377,ACC69625,ACC58914,2025-01-17 10:52:00,Withdrawal
TXN7851379191,ACC25858,ACC14262,2025-01-17 10:51:00,Transfer
TXN7690248564,ACC51379,ACC15453,2025-01-17 10:05:00,Withdrawal
TXN2962109726,ACC37800,ACC21840,2025-01-17 10:22:00,Transfer
TXN8188062560,ACC46197,ACC87821,2025-01-17 10:22:00,Withdrawal
TXN1459386338,ACC84903,ACC85794,2025-01-17 10:07:00,Transfer
TXN7486103501,ACC14340,ACC33467,2025-01-17 10:07:00,Transfer
TXN7747723984,ACC75741,ACC84166,2025-01-17 10:23:00,Transfer
TXN9172243892,ACC51717,ACC89206,2025-01-17 10:31:00,Withdrawal
TXN7174684558,ACC25889,ACC76372,2025-01-17 10:05:00,Withdrawal
TXN4063058932,ACC31580,ACC61121,2025-01-17 10:30:00,Deposit
TXN4288928616,ACC23024,ACC23917,2025-01-17 10:35:00,Withdrawal
TXN6796410495,ACC48112,ACC37084,2025-01-17 10:56:00,Withdrawal
TXN1724458969,ACC14381,ACC44593,2025-01-17 11:00:00,Deposit
TXN9420697084,ACC22693,ACC49786,2025-01-17 10:29:00,Transfer
TXN3409498103,ACC62000,ACC93041,2025-01-17 10:58:00,Transfer
TXN4884922166,ACC62562,ACC28489,2025-01-17 10:06:00,Transfer
TXN9924409937,ACC14164,ACC11844,2025-01-17 10:52:00,Transfer
TXN1537373231,ACC37253,ACC11656,2025-01-17 10:37:00,Transfer
TXN9418716802,ACC43474,ACC49541,2025-01-17 10:23:00,Transfer
TXN9464334434,ACC68021,ACC23970,2025-01-17 10:44:00,Withdrawal
TXN3062186394,ACC15981,ACC42485,2025-01-17 10:33:00,Withdrawal
TXN5277052822,ACC22823,ACC32041,2025-01-17 10:51:00,Transfer
TXN1056906180,ACC62489,ACC84079,2025-01-17 10:57:00,Deposit
TXN6101337345,ACC66261,ACC75576,2025-01-17 10:30:00,Deposit
TXN3962466221,ACC37482,ACC38867,2025-01-17 10:56:00,Transfer
TXN9915802724,ACC18274,ACC66957,2025-01-17 10:44:00,Deposit
TXN1367503203,ACC94359,ACC74980,2025-01-17 10:59:00,Deposit
TXN7284540949,ACC46333,ACC52400,2025-01-17 10:37:00,Withdrawal
TXN3756567942,ACC53354,ACC38471,2025-01-17 10:08:00,Deposit
TXN1794005869,ACC86399,ACC41719,2025-01-17 10:05:00,Transfer
TXN6024425301,ACC51829,ACC21813,2025-01-17 10:45:00,Deposit
TXN2303112978,ACC52463,ACC23188,2025-01-17 10:48:00,Deposit
TXN2158684825,ACC44641,ACC40570,2025-01-17 10:38:00,Withdrawal
TXN2180308712,ACC54594,ACC19310,2025-01-17 10:49:00,Transfer
TXN4282498636,ACC79850,ACC64592,2025-01-17 10:40:00,Withdrawal
TXN5583019441,ACC65895,ACC35639,2025-01-17 10:47:00,Transfer
TXN7960889764,ACC72775,ACC59708,2025-01-17 10:47:00,Withdrawal
TXN8704693172,ACC12639,ACC94255,2025-01-17 10:32:00,Transfer
TXN6551584962,ACC31420,ACC88372,2025-01-17 10:05:00,Transfer
TXN7496746303,ACC86537,ACC56703,2025-01-17 10:54:00,Withdrawal
TXN4048657684,ACC53944,ACC73802,2025-01-17 10:41:00,Withdrawal
TXN8589870338,ACC62754,ACC42119,2025-01-17 10:43:00,Withdrawal
TXN6806243378,ACC47965,ACC43390,2025-01-17 10:52:00,Deposit
TXN5766314722,ACC66287,ACC25255,2025-01-17 10:53:00,Deposit
TXN9956101373,ACC78722,ACC16417,2025-01-17 10:46:00,Withdrawal
TXN1534479790,ACC77950,ACC82392,2025-01-17 10:03:00,Deposit
TXN4030945603,ACC72184,ACC49474,2025-01-17 10:13:00,Withdrawal
TXN6493873826,ACC19368,ACC63067,2025-01-17 10:36:00,Deposit
TXN8506838667,ACC27786,ACC77787,2025-01-17 10:17:00,Transfer
TXN9960780796,ACC16531,ACC41695,2025-01-17 10:44:00,Transfer
TXN7571871959,ACC76210,ACC79065,2025-01-17 10:57:00,Deposit
TXN3155052574,ACC68069,ACC89196,2025-01-17 10:40:00,Withdrawal
TXN2224269988,ACC77747,ACC10943,2025-01-17 10:18:00,Deposit
TXN1285498928,ACC57627,ACC98533,2025-01-17 10:38:00,Deposit
TXN2274786678,ACC67196,ACC34138,2025-01-17 10:11:00,Deposit
TXN8890390631,ACC99054,ACC97489,2025-01-17 10:31:00,Withdrawal
TXN3188124963,ACC17123,ACC17598,2025-01-17 10:24:00,Deposit
TXN7297484921,ACC69738,ACC99464,2025-01-17 10:06:00,Deposit
TXN6713156564,ACC43417,ACC38719,2025-01-17 10:45:00,Withdrawal
TXN5872634105,ACC51110,ACC90800,2025-01-17 10:51:00,Withdrawal
TXN1496379688,ACC34029,ACC55793,2025-01-17 10:56:00,Transfer
TXN7140240715,ACC57840,ACC63698,2025-01-17 10:41:00,Deposit
TXN3914244875,ACC88176,ACC46950,2025-01-17 10:26:00,Transfer
TXN2403674237,ACC92170,ACC33049,2025-01-17 10:09:00,Transfer
TXN1327248350,ACC56564,ACC80224,2025-01-17 10:25:00,Transfer
TXN5469662722,ACC97389,ACC28777,2025-01-17 10:59:00,Deposit
TXN4099617388,ACC64984,ACC66528,2025-01-17 10:02:00,Transfer
TXN5516499698,ACC54756,ACC20263,2025-01-17 10:07:00,Transfer
TXN3346151776,ACC67499,ACC22519,2025-01-17 10:39:00,Deposit
TXN4485189988,ACC30798,ACC90045,2025-01-17 10:23:00,Withdrawal
TXN8745969736,ACC34512,ACC51551,2025-01-17 10:55:00,Withdrawal
TXN9905734561,ACC14432,ACC93558,2025-01-17 10:34:00,Deposit
TXN3081071442,ACC31534,ACC23501,2025-01-17 10:17:00,Transfer
TXN3597355096,ACC32347,ACC29632,2025-01-17 10:50:00,Deposit
TXN8486454934,ACC39701,ACC54482,2025-01-17 10:01:00,Deposit
TXN8646637708,ACC26086,ACC47587,2025-01-17 10:20:00,Deposit
TXN1140740719,ACC10603,ACC45278,2025-01-17 11:00:00,Deposit
TXN5250955971,ACC90854,ACC93425,2025-01-17 10:23:00,Transfer
TXN2732144556,ACC35662,ACC48982,2025-01-17 10:59:00,Transfer
TXN7695035207,ACC78538,ACC65514,2025-01-17 10:27:00,Deposit
TXN7939723282,ACC80544,ACC14023,2025-01-17 10:24:00,Transfer
TXN7630113676,ACC54962,ACC12346,2025-01-17 10:05:00,Transfer
TXN8552007460,ACC76710,ACC62664,2025-01-17 10:55:00,Withdrawal
TXN4304334477,ACC14700,ACC95607,2025-01-17 10:23:00,Transfer
TXN1346181292,ACC56361,ACC44899,2025-01-17 10:39:00,Transfer
TXN1839190280,ACC48627,ACC12310,2025-01-17 10:57:00,Transfer
TXN8725793891,ACC35927,ACC52926,2025-01-17 10:11:00,Deposit
TXN9328528150,ACC15595,ACC31081,2025-01-17 10:38:00,Deposit
TXN1027199935,ACC37487,ACC77079,2025-01-17 10:14:00,Transfer
TXN1519832715,ACC65856,ACC49534,2025-01-17 10:09:00,Deposit
TXN4654450936,ACC40448,ACC64201,2025-01-17 10:49:00,Withdrawal
TXN7190517370,ACC38736,ACC57803,2025-01-17 10:25:00,Deposit
TXN2013672155,ACC12216,ACC68938,2025-01-17 10:11:00,Transfer
TXN1009840095,ACC54943,ACC49366,2025-01-17 10:24:00,Transfer
TXN7999376225,ACC62620,ACC43275,2025-01-17 10:53:00,Transfer
TXN8160409252,ACC19769,ACC18211,2025-01-17 10:25:00,Withdrawal
TXN9716899160,ACC20942,ACC14865,2025-01-17 10:51:00,Withdrawal
TXN7021871590,ACC96779,ACC80536,2025-01-17 10:26:00,Transfer
TXN5890230581,ACC25122,ACC44204,2025-01-17 10:39:00,Deposit
TXN5259427532,ACC19742,ACC32118,2025-01-17 10:53:00,Deposit
TXN6434340123,ACC18670,ACC55222,2025-01-17 10:20:00,Deposit
TXN5512698980,ACC28763,ACC24097,2025-01-17 10:15:00,Deposit
TXN1865967097,ACC45358,ACC35313,2025-01-17 10:23:00,Transfer
TXN5642409479,ACC64953,ACC47717,2025-01-17 10:02:00,Deposit
TXN6826834748,ACC67234,ACC22910,2025-01-17 10:27:00,Transfer
TXN4863583366,ACC96531,ACC66183,2025-01-17 10:58:00,Transfer
TXN2807500909,ACC42613,ACC42918,2025-01-17 10:03:00,Transfer
TXN6891762184,ACC63967,ACC90350,2025-01-17 10:31:00,Deposit
TXN5876009850,ACC51158,ACC27191,2025-01-17 10:51:00,Withdrawal
TXN9108039354,ACC81579,ACC70447,2025-01-17 10:24:00,Deposit
TXN6549632788,ACC10043,ACC88019,2025-01-17 10:37:00,Deposit
TXN8061097504,ACC74642,ACC30873,2025-01-17 10:30:00,Withdrawal
TXN4865155116,ACC92160,ACC78035,2025-01-17 10:44:00,Withdrawal
TXN9282319379,ACC32540,ACC97558,2025-01-17 10:52:00,Transfer
TXN6280489068,ACC63567,ACC18427,2025-01-17 10:55:00,Withdrawal
TXN6147229485,ACC29295,ACC96401,2025-01-17 10:50:00,Withdrawal
TXN7444932806,ACC63082,ACC11551,2025-01-17 10:07:00,Transfer
TXN1518602016,ACC18963,ACC20884,2025-01-17 10:19:00,Transfer
TXN4227753155,ACC33497,ACC27326,2025-01-17 10:10:00,Deposit
TXN8860546537,ACC51556,ACC52674,2025-01-17 10:52:00,Transfer
TXN6187390659,ACC36830,ACC35791,2025-01-17 10:42:00,Withdrawal
TXN1806416150,ACC93504,ACC75996,2025-01-17 10:24:00,Deposit
TXN4093369509,ACC47989,ACC97491,2025-01-17 10:03:00,Withdrawal
TXN1834879380,ACC59721,ACC82859,2025-01-17 10:29:00,Deposit
TXN4241858851,ACC32144,ACC23303,2025-01-17 10:48:00,Transfer
TXN6135136280,ACC80202,ACC20579,2025-01-17 10:19:00,Withdrawal
TXN2164420656,ACC46536,ACC75628,2025-01-17 10:01:00,Withdrawal
TXN3164901783,ACC86774,ACC57313,2025-01-17 10:48:00,Deposit
TXN6033289469,ACC21381,ACC50642,2025-01-17 10:02:00,Transfer
TXN9352406685,ACC29889,ACC83760,2025-01-17 10:28:00,Transfer
TXN4177656671,ACC17862,ACC11488,2025-01-17 11:00:00,Deposit
TXN8112885483,ACC88171,ACC83474,2025-01-17 10:03:00,Transfer
TXN4973333734,ACC71245,ACC38629,2025-01-17 10:12:00,Deposit
TXN2670016539,ACC32541,ACC69873,2025-01-17 10:11:00,Withdrawal
TXN7103211368,ACC87678,ACC94847,2025-01-17 10:42:00,Deposit
TXN6774647261,ACC83881,ACC65341,2025-01-17 11:00:00,Transfer
TXN8172262194,ACC43635,ACC38750,2025-01-17 10:27:00,Withdrawal
TXN7356320584,ACC54720,ACC64544,2025-01-17 10:56:00,Deposit
TXN7408966343,ACC39498,ACC97070,2025-01-17 10:07:00,Transfer
TXN1684589936,ACC64300,ACC85697,2025-01-17 10:24:00,Withdrawal
TXN7142871079,ACC28994,ACC90586,2025-01-17 10:26:00,Deposit
TXN7255939236,ACC14492,ACC81365,2025-01-17 10:06:00,Transfer
TXN7803677110,ACC45542,ACC49006,2025-01-17 10:36:00,Deposit
TXN9388955721,ACC53507,ACC19376,2025-01-17 10:49:00,Transfer
TXN6956710652,ACC59937,ACC72083,2025-01-17 10:12:00,Withdrawal
TXN7734984066,ACC54067,ACC84423,2025-01-17 10:15:00,Transfer
TXN4979176158,ACC76875,ACC22724,2025-01-17 10:31:00,Deposit
TXN5412325506,ACC49283,ACC17922,2025-01-17 10:07:00,Withdrawal
TXN9953448509,ACC22466,ACC44246,2025-01-17 10:57:00,Transfer
TXN4170698928,ACC51174,ACC92864,2025-01-17 10:16:00,Deposit
TXN6482881540,ACC68203,ACC30527,2025-01-17 10:26:00,Transfer
TXN9984520277,ACC36712,ACC63075,2025-01-17 11:00:00,Deposit
TXN9077266257,ACC92050,ACC85728,2025-01-17 10:22:00,Deposit
TXN3679557633,ACC63042,ACC67654,2025-01-17 10:24:00,Deposit
TXN5689924166,ACC70707,ACC61130,2025-01-17 10:13:00,Deposit
TXN7257989930,ACC95768,ACC53403,2025-01-17 10:04:00,Withdrawal
TXN8636686575,ACC93548,ACC42106,2025-01-17 10:54:00,Withdrawal
TXN1057529976,ACC64402,ACC41126,2025-01-17 10:40:00,Transfer
TXN2617645101,ACC64441,ACC97513,2025-01-17 10:28:00,Transfer
TXN5884141090,ACC87519,ACC55381,2025-01-17 10:02:00,Deposit
TXN1475843170,ACC41101,ACC23216,2025-01-17 10:06:00,Transfer
TXN4155626151,ACC59531,ACC45784,2025-01-17 10:49:00,Transfer
TXN4227899265,ACC65747,ACC20563,2025-01-17 10:40:00,Transfer
TXN6378209363,ACC33501,ACC28336,2025-01-17 10:57:00,Transfer
TXN7679630871,ACC25570,ACC61224,2025-01-17 10:53:00,Withdrawal
TXN1299028569,ACC69666,ACC20765,2025-01-17 10:04:00,Transfer
TXN1427023114,ACC78839,ACC66184,2025-01-17 10:04:00,Withdrawal
TXN6137594808,ACC97313,ACC19149,2025-01-17 10:30:00,Transfer
TXN4524298301,ACC72164,ACC81617,2025-01-17 10:33:00,Deposit
TXN8607691435,ACC13367,ACC35613,2025-01-17 10:53:00,Deposit
TXN7681972361,ACC98822,ACC25732,2025-01-17 10:13:00,Transfer
TXN6226593450,ACC75732,ACC87833,2025-01-17 10:05:00,Deposit
TXN3832468814,ACC30411,ACC89361,2025-01-17 10:23:00,Transfer
TXN7410811456,ACC53228,ACC67774,2025-01-17 10:54:00,Transfer
TXN7238168935,ACC93016,ACC33694,2025-01-17 10:36:00,Withdrawal
TXN5691669939,ACC53374,ACC72898,2025-01-17 10:17:00,Withdrawal
TXN8092227965,ACC12241,ACC33988,2025-01-17 10:10:00,Withdrawal
TXN3908230781,ACC15821,ACC43879,2025-01-17 10:57:00,Withdrawal
TXN9364574524,ACC52775,ACC73924,2025-01-17 10:56:00,Transfer
TXN9041339676,ACC50375,ACC53869,2025-01-17 10:16:00,Transfer
TXN4465020791,ACC75741,ACC46887,2025-01-17 10:15:00,Transfer
TXN4660989719,ACC43060,ACC70548,2025-01-17 10:40:00,Deposit
TXN1879549930,ACC79822,ACC75119,2025-01-17 10:04:00,Withdrawal
TXN4097123150,ACC36805,ACC33267,2025-01-17 10:52:00,Deposit
TXN7739005738,ACC42183,ACC40073,2025-01-17 10:55:00,Deposit
TXN2216713090,ACC19437,ACC87522,2025-01-17 10:28:00,Transfer
TXN4299026679,ACC81116,ACC90268,2025-01-17 10:20:00,Deposit
TXN7596303179,ACC62925,ACC31357,2025-01-17 10:43:00,Deposit
TXN5910132280,ACC85661,ACC75676,2025-01-17 10:35:00,Transfer
TXN7406270861,ACC11813,ACC32424,2025-01-17 10:59:00,Withdrawal
TXN2404826022,ACC81145,ACC30363,2025-01-17 10:30:00,Transfer
TXN8124689743,ACC89997,ACC99632,2025-01-17 10:48:00,Transfer
TXN9437963697,ACC85972,ACC43808,2025-01-17 10:16:00,Deposit
TXN6019019626,ACC29423,ACC68041,2025-01-17 10:52:00,Transfer
TXN4675367499,ACC49487,ACC48009,2025-01-17 10:45:00,Transfer
TXN2012949729,ACC82186,ACC25267,2025-01-17 10:24:00,Transfer
TXN1888197550,ACC33260,ACC83342,2025-01-17 10:17:00,Withdrawal
TXN6250036065,ACC44381,ACC45138,2025-01-17 10:38:00,Transfer
TXN5412906599,ACC31830,ACC84084,2025-01-17 10:08:00,Transfer
TXN9673532239,ACC93380,ACC92174,2025-01-17 10:47:00,Deposit
TXN1652892325,ACC92545,ACC75306,2025-01-17 10:06:00,Deposit
TXN1715221868,ACC86428,ACC65003,2025-01-17 10:29:00,Deposit
TXN6007193928,ACC80030,ACC20498,2025-01-17 10:30:00,Transfer
TXN1696074130,ACC79263,ACC45900,2025-01-17 10:50:00,Withdrawal
TXN3114507871,ACC81093,ACC72767,2025-01-17 10:03:00,Transfer
TXN4902897998,ACC77412,ACC28013,2025-01-17 10:37:00,Transfer
TXN7464084511,ACC59486,ACC87379,2025-01-17 10:50:00,Withdrawal
TXN4817965241,ACC95824,ACC83875,2025-01-17 10:02:00,Deposit
TXN6686731977,ACC71715,ACC99902,2025-01-17 10:01:00,Withdrawal
TXN4258341246,ACC64877,ACC76710,2025-01-17 10:31:00,Deposit
TXN2146674972,ACC37810,ACC38562,2025-01-17 10:13:00,Transfer
TXN3688144089,ACC86726,ACC75108,2025-01-17 10:58:00,Transfer
TXN7768798227,ACC29509,ACC11635,2025-01-17 10:23:00,Transfer
TXN7372888615,ACC79388,ACC10131,2025-01-17 10:35:00,Transfer
TXN6496802872,ACC58666,ACC81007,2025-01-17 10:04:00,Deposit
TXN2190673228,ACC47900,ACC15352,2025-01-17 10:44:00,Withdrawal
TXN3188343113,ACC17010,ACC45857,2025-01-17 10:16:00,Withdrawal
TXN5206029882,ACC37810,ACC28763,2025-01-17 10:50:00,Withdrawal
TXN9984583310,ACC82235,ACC30295,2025-01-17 10:17:00,Deposit
TXN7291688324,ACC51850,ACC77032,2025-01-17 10:13:00,Deposit
TXN4703316874,ACC11504,ACC73653,2025-01-17 10:16:00,Transfer
TXN3578739019,ACC11332,ACC95588,2025-01-17 10:47:00,Deposit
TXN2195520317,ACC30731,ACC95644,2025-01-17 10:44:00,Withdrawal
TXN1041461220,ACC13852,ACC14965,2025-01-17 10:38:00,Transfer
TXN3051028291,ACC57933,ACC52429,2025-01-17 10:32:00,Transfer
TXN1372797888,ACC57771,ACC28955,2025-01-17 10:36:00,Withdrawal
TXN2981368392,ACC59255,ACC53003,2025-01-17 10:30:00,Transfer
TXN1135873779,ACC24360,ACC36461,2025-01-17 10:52:00,Deposit
TXN1328647070,ACC89958,ACC33093,2025-01-17 10:18:00,Transfer
TXN4691809504,ACC92647,ACC61944,2025-01-17 10:20:00,Deposit
TXN4179721497,ACC93575,ACC61999,2025-01-17 10:46:00,Withdrawal
TXN3895765690,ACC67439,ACC79384,2025-01-17 10:10:00,Deposit
TXN8789730264,ACC91269,ACC19289,2025-01-17 10:24:00,Deposit
TXN2070571988,ACC94322,ACC17821,2025-01-17 10:42:00,Transfer
TXN1116395817,ACC49997,ACC16705,2025-01-17 10:40:00,Deposit
TXN9239256714,ACC79905,ACC26690,2025-01-17 10:17:00,Transfer
TXN4561707407,ACC89895,ACC94273,2025-01-17 10:16:00,Transfer
TXN3174104806,ACC35025,ACC67292,2025-01-17 10:25:00,Deposit
TXN8523915846,ACC99416,ACC61088,2025-01-17 10:35:00,Transfer
TXN5102155525,ACC34184,ACC89466,2025-01-17 10:03:00,Withdrawal
TXN5060420362,ACC52545,ACC44016,2025-01-17 10:15:00,Transfer
TXN9297678665,ACC25920,ACC85405,2025-01-17 10:32:00,Transfer
TXN5954761833,ACC11424,ACC83140,2025-01-17 10:49:00,Withdrawal
TXN7416859349,ACC36029,ACC56028,2025-01-17 10:29:00,Withdrawal
TXN4692899483,ACC79416,ACC10182,2025-01-17 10:48:00,Transfer
TXN1031246972,ACC45883,ACC70147,2025-01-17 10:27:00,Withdrawal
TXN6201618839,ACC15918,ACC29832,2025-01-17 10:27:00,Deposit
TXN1256384918,ACC44416,ACC80838,2025-01-17 10:42:00,Transfer
TXN4963534137,ACC45182,ACC49076,2025-01-17 10:45:00,Deposit
TXN5646588232,ACC44598,ACC90513,2025-01-17 10:48:00,Deposit
TXN9377571688,ACC40248,ACC64197,2025-01-17 10:26:00,Transfer
TXN5715931192,ACC94948,ACC68204,2025-01-17 10:51:00,Deposit
TXN8939934889,ACC92208,ACC98355,2025-01-17 10:54:00,Deposit
TXN9707081841,ACC80174,ACC53686,2025-01-17 10:02:00,Transfer
TXN8294020649,ACC17126,ACC78651,2025-01-17 11:00:00,Transfer
TXN7764143012,ACC13209,ACC41609,2025-01-17 10:20:00,Transfer
TXN8533263880,ACC57300,ACC46999,2025-01-17 10:05:00,Deposit
TXN2809461644,ACC19946,ACC86824,2025-01-17 10:22:00,Transfer
TXN4687071393,ACC53033,ACC71691,2025-01-17 10:36:00,Transfer
TXN5673009522,ACC67448,ACC20460,2025-01-17 10:33:00,Withdrawal
TXN8792646343,ACC38343,ACC11206,2025-01-17 10:06:00,Withdrawal
TXN8464942775,ACC54102,ACC27415,2025-01-17 10:01:00,Transfer
TXN8285055381,ACC12207,ACC37690,2025-01-17 10:33:00,Withdrawal
TXN2364240559,ACC58064,ACC89260,2025-01-17 10:33:00,Deposit
TXN4629063974,ACC73573,ACC74408,2025-01-17 10:46:00,Transfer
TXN8231379842,ACC72707,ACC22063,2025-01-17 10:28:00,Transfer
TXN2575946300,ACC94127,ACC88828,2025-01-17 10:52:00,Deposit
TXN2630496789,ACC11158,ACC54603,2025-01-17 10:44:00,Deposit
TXN3447478998,ACC30234,ACC51652,2025-01-17 10:29:00,Withdrawal
TXN7744872067,ACC90264,ACC16628,2025-01-17 10:58:00,Transfer
TXN8572380298,ACC70377,ACC20352,2025-01-17 10:15:00,Transfer
TXN1944161554,ACC52350,ACC69265,2025-01-17 10:05:00,Deposit
TXN3706837999,ACC48258,ACC47933,2025-01-17 10:57:00,Transfer
TXN6552482713,ACC17345,ACC68442,2025-01-17 10:34:00,Deposit
TXN8092655434,ACC92997,ACC93368,2025-01-17 10:52:00,Transfer
TXN5708760402,ACC87072,ACC89896,2025-01-17 10:27:00,Deposit
TXN7183478404,ACC54274,ACC72385,2025-01-17 10:48:00,Deposit
TXN6418299376,ACC39373,ACC76158,2025-01-17 10:33:00,Withdrawal
TXN1726351367,ACC88350,ACC42527,2025-01-17 10:15:00,Deposit
TXN4389081475,ACC22912,ACC52637,2025-01-17 10:55:00,Transfer
TXN2968614458,ACC84446,ACC47277,2025-01-17 10:59:00,Transfer
TXN9369323463,ACC21138,ACC45215,2025-01-17 10:58:00,Deposit
TXN4884680145,ACC47209,ACC60295,2025-01-17 10:12:00,Transfer
TXN3689859259,ACC26383,ACC55770,2025-01-17 10:30:00,Withdrawal
TXN7627699972,ACC53418,ACC92611,2025-01-17 10:06:00,Deposit
TXN5303967789,ACC16801,ACC30926,2025-01-17 10:46:00,Transfer
TXN2488355680,ACC21784,ACC82883,2025-01-17 10:53:00,Deposit
TXN8465634743,ACC86251,ACC39807,2025-01-17 10:02:00,Deposit
TXN2189034163,ACC24939,ACC96021,2025-01-17 10:34:00,Deposit
TXN1179409810,ACC58088,ACC32898,2025-01-17 10:10:00,Deposit
TXN1744197967,ACC80321,ACC53228,2025-01-17 10:35:00,Deposit
TXN7033130898,ACC91152,ACC74032,2025-01-17 10:17:00,Transfer
TXN1050678444,ACC90361,ACC34735,2025-01-17 10:35:00,Deposit
TXN9135908826,ACC17264,ACC93263,2025-01-17 10:16:00,Deposit
TXN7850039563,ACC93166,ACC54740,2025-01-17 10:56:00,Deposit
TXN6243731428,ACC29789,ACC25519,2025-01-17 10:16:00,Deposit
TXN8524130563,ACC90929,ACC12075,2025-01-17 10:12:00,Deposit
TXN1970224238,ACC67387,ACC36934,2025-01-17 10:50:00,Withdrawal
TXN3080727808,ACC80662,ACC47063,2025-01-17 10:18:00,Transfer
TXN6602724599,ACC83705,ACC33437,2025-01-17 10:04:00,Withdrawal
TXN6278346936,ACC53270,ACC92038,2025-01-17 10:11:00,Deposit
TXN1820448910,ACC48398,ACC74025,2025-01-17 10:16:00,Withdrawal
TXN7206567493,ACC30969,ACC84687,2025-01-17 10:22:00,Transfer
TXN4101163005,ACC74504,ACC51180,2025-01-17 10:53:00,Transfer
TXN4407148066,ACC16774,ACC74772,2025-01-17 10:21:00,Deposit
TXN9306661034,ACC48659,ACC91872,2025-01-17 10:45:00,Withdrawal
TXN5851162281,ACC82654,ACC11191,2025-01-17 10:46:00,Withdrawal
TXN8908021818,ACC63242,ACC88672,2025-01-17 10:41:00,Withdrawal
TXN3216142297,ACC31311,ACC77960,2025-01-17 10:57:00,Withdrawal
TXN9584950467,ACC38378,ACC58022,2025-01-17 10:10:00,Transfer
TXN9583070448,ACC99685,ACC55129,2025-01-17 10:23:00,Withdrawal
TXN9207597207,ACC86589,ACC50164,2025-01-17 10:33:00,Transfer
TXN5767453846,ACC83546,ACC68913,2025-01-17 10:09:00,Transfer
TXN3949060475,ACC30530,ACC25906,2025-01-17 10:23:00,Withdrawal
TXN8995038033,ACC68077,ACC86016,2025-01-17 10:35:00,Deposit
TXN8924266239,ACC98677,ACC45130,2025-01-17 10:47:00,Withdrawal
TXN8231371570,ACC59991,ACC77139,2025-01-17 10:32:00,Deposit
TXN5435924496,ACC23369,ACC88438,2025-01-17 10:49:00,Transfer
TXN6129053886,ACC18443,ACC83101,2025-01-17 10:21:00,Withdrawal
TXN3216538238,ACC32554,ACC81725,2025-01-17 10:45:00,Deposit
TXN5540950494,ACC93583,ACC43835,2025-01-17 10:20:00,Transfer
TXN5334962263,ACC69257,ACC16905,2025-01-17 10:09:00,Withdrawal
TXN4686574441,ACC56048,ACC61043,2025-01-17 10:13:00,Withdrawal
TXN9047821038,ACC33191,ACC19227,2025-01-17 10:49:00,Transfer
TXN7141693754,ACC17147,ACC83990,2025-01-17 10:18:00,Withdrawal
TXN8986153861,ACC43485,ACC31302,2025-01-17 10:03:00,Deposit
TXN9531075832,ACC26439,ACC67106,2025-01-17 10:04:00,Deposit
TXN2554762755,ACC15906,ACC51253,2025-01-17 10:09:00,Transfer
TXN5816994707,ACC11488,ACC74499,2025-01-17 10:58:00,Withdrawal
TXN9073006177,ACC65344,ACC32205,2025-01-17 10:37:00,Transfer
TXN4681351299,ACC74938,ACC36081,2025-01-17 10:19:00,Transfer
TXN1989617760,ACC55255,ACC19669,2025-01-17 10:36:00,Deposit
TXN5170975065,ACC54347,ACC45640,2025-01-17 10:42:00,Deposit
TXN1324014316,ACC89533,ACC37839,2025-01-17 10:25:00,Transfer
TXN7211607925,ACC66816,ACC32656,2025-01-17 10:35:00,Deposit
TXN3171845502,ACC82213,ACC36005,2025-01-17 10:06:00,Transfer
TXN2661971569,ACC40581,ACC13227,2025-01-17 10:49:00,Withdrawal
TXN1038301181,ACC85559,ACC68236,2025-01-17 10:40:00,Deposit
TXN4271800273,ACC58690,ACC58950,2025-01-17 10:46:00,Transfer
TXN3155729746,ACC57197,ACC92724,2025-01-17 10:41:00,Transfer
TXN1781232565,ACC24633,ACC59865,2025-01-17 10:55:00,Withdrawal
TXN2708041658,ACC69694,ACC58029,2025-01-17 10:18:00,Withdrawal
TXN3066202732,ACC31529,ACC22098,2025-01-17 10:03:00,Withdrawal
TXN8389614998,ACC33822,ACC17633,2025-01-17 10:21:00,Transfer
TXN4838560510,ACC51023,ACC11813,2025-01-17 10:26:00,Withdrawal
TXN9604966110,ACC20600,ACC82517,2025-01-17 10:16:00,Deposit
TXN6124814564,ACC89865,ACC69190,2025-01-17 10:43:00,Deposit
TXN3265508267,ACC88851,ACC92572,2025-01-17 10:16:00,Deposit
TXN1222897131,ACC24137,ACC15360,2025-01-17 10:45:00,Transfer
TXN4606302686,ACC86374,ACC98730,2025-01-17 10:37:00,Transfer
TXN4305780474,ACC56362,ACC45292,2025-01-17 10:02:00,Transfer
TXN9422487543,ACC69599,ACC87697,2025-01-17 10:24:00,Withdrawal
TXN6641751619,ACC37684,ACC70681,2025-01-17 10:39:00,Transfer
TXN7160668900,ACC88153,ACC20677,2025-01-17 10:39:00,Deposit
TXN8922195045,ACC23178,ACC32552,2025-01-17 10:51:00,Deposit
TXN6186045168,ACC56851,ACC90021,2025-01-17 10:16:00,Transfer
TXN1160189664,ACC78719,ACC38259,2025-01-17 10:37:00,Transfer
TXN2964791595,ACC36472,ACC96893,2025-01-17 10:24:00,Withdrawal
TXN9293390364,ACC29164,ACC16121,2025-01-17 10:07:00,Transfer
TXN3450594493,ACC60718,ACC19048,2025-01-17 10:35:00,Deposit
TXN6524975064,ACC23026,ACC93214,2025-01-17 10:52:00,Deposit
TXN2587701980,ACC51112,ACC72758,2025-01-17 10:46:00,Withdrawal
TXN4140419451,ACC75427,ACC31108,2025-01-17 10:56:00,Transfer
TXN7891984901,ACC51575,ACC54890,2025-01-17 10:06:00,Transfer
TXN2506568464,ACC20907,ACC76958,2025-01-17 10:10:00,Transfer
TXN4172585703,ACC72542,ACC82377,2025-01-17 10:01:00,Transfer
TXN6562159635,ACC45743,ACC71307,2025-01-17 10:38:00,Withdrawal
TXN4511284469,ACC38144,ACC34218,2025-01-17 10:54:00,Deposit
TXN2161023423,ACC83854,ACC79026,2025-01-17 10:25:00,Deposit
TXN1094353264,ACC80118,ACC73164,2025-01-17 10:16:00,Transfer
TXN6222233434,ACC56050,ACC64624,2025-01-17 10:28:00,Transfer
TXN4367678924,ACC83760,ACC32440,2025-01-17 10:34:00,Withdrawal
TXN6384601784,ACC39856,ACC24658,2025-01-17 10:22:00,Transfer
TXN1968083968,ACC54077,ACC23684,2025-01-17 10:27:00,Withdrawal
TXN4593628723,ACC84611,ACC53350,2025-01-17 10:27:00,Transfer
TXN7501274627,ACC52895,ACC97810,2025-01-17 10:09:00,Transfer
TXN9569616698,ACC72948,ACC75322,2025-01-17 10:58:00,Transfer
TXN5912948830,ACC23367,ACC56353,2025-01-17 10:05:00,Transfer
TXN1986531839,ACC86247,ACC31249,2025-01-17 10:04:00,Deposit
TXN8356708473,ACC41289,ACC99897,2025-01-17 10:31:00,Deposit
TXN4290063257,ACC30916,ACC52983,2025-01-17 10:32:00,Deposit
TXN2945074212,ACC61414,ACC87149,2025-01-17 10:02:00,Withdrawal
TXN4507550717,ACC26647,ACC63782,2025-01-17 10:09:00,Transfer
TXN4822042533,ACC27800,ACC69900,2025-01-17 11:00:00,Withdrawal
TXN5282408511,ACC63134,ACC54899,2025-01-17 11:00:00,Deposit
TXN5882730267,ACC69574,ACC42196,2025-01-17 10:32:00,Deposit
TXN8236853729,ACC34544,ACC22881,2025-01-17 10:13:00,Withdrawal
TXN4598936094,ACC54388,ACC73926,2025-01-17 10:05:00,Transfer
TXN9009962207,ACC50244,ACC37552,2025-01-17 10:16:00,Transfer
TXN2671509786,ACC47642,ACC49609,2025-01-17 10:23:00,Deposit
TXN6546831402,ACC95052,ACC66018,2025-01-17 10:57:00,Transfer
TXN7311146432,ACC64767,ACC81444,2025-01-17 10:57:00,Withdrawal
TXN4433757533,ACC47545,ACC63108,2025-01-17 10:28:00,Transfer
TXN1041633816,ACC60899,ACC59622,2025-01-17 10:31:00,Withdrawal
TXN4417009985,ACC71245,ACC83737,2025-01-17 10:20:00,Transfer
TXN7456715309,ACC38285,ACC27531,2025-01-17 10:40:00,Transfer
TXN1864085218,ACC33315,ACC48785,2025-01-17 10:11:00,Withdrawal
TXN5872179478,ACC45373,ACC85398,2025-01-17 10:05:00,Deposit
TXN6270102821,ACC91943,ACC35382,2025-01-17 10:28:00,Deposit
TXN9176993298,ACC54899,ACC91669,2025-01-17 10:04:00,Transfer
TXN1290161980,ACC25507,ACC63233,2025-01-17 10:47:00,Deposit
TXN6320952191,ACC94090,ACC46023,2025-01-17 10:49:00,Transfer
TXN9135751221,ACC70107,ACC29493,2025-01-17 10:27:00,Transfer
TXN8310897263,ACC32083,ACC28978,2025-01-17 10:59:00,Deposit
TXN9898212544,ACC25289,ACC87765,2025-01-17 10:16:00,Withdrawal
TXN6455739728,ACC33817,ACC65983,2025-01-17 10:01:00,Withdrawal
TXN5589441104,ACC49865,ACC86726,2025-01-17 10:12:00,Transfer
TXN3988853414,ACC11540,ACC81346,2025-01-17 10:27:00,Withdrawal
TXN5398070716,ACC25990,ACC35086,2025-01-17 10:55:00,Withdrawal
TXN4966699908,ACC63657,ACC65237,2025-01-17 10:31:00,Deposit
TXN1194686799,ACC17441,ACC84695,2025-01-17 10:50:00,Transfer
TXN9725089598,ACC20418,ACC75675,2025-01-17 10:40:00,Withdrawal
TXN8460678344,ACC40938,ACC18461,2025-01-17 10:44:00,Deposit
TXN4656100555,ACC65243,ACC64838,2025-01-17 10:16:00,Transfer
TXN5456829217,ACC47279,ACC60511,2025-01-17 10:55:00,Withdrawal
TXN6023233537,ACC31607,ACC40732,2025-01-17 10:40:00,Deposit
TXN6980683657,ACC49408,ACC26901,2025-01-17 10:56:00,Transfer
TXN6721573629,ACC79097,ACC37128,2025-01-17 10:36:00,Deposit
TXN7266570556,ACC38775,ACC48865,2025-01-17 10:31:00,Withdrawal
TXN2877832200,ACC48963,ACC47641,2025-01-17 10:07:00,Transfer
TXN6689630393,ACC54726,ACC89370,2025-01-17 10:40:00,Deposit
TXN6736220776,ACC24619,ACC95826,2025-01-17 10:50:00,Withdrawal
TXN8299962548,ACC73211,ACC16021,2025-01-17 10:30:00,Deposit
TXN6815949443,ACC13689,ACC68542,2025-01-17 10:52:00,Deposit
TXN8694667992,ACC55725,ACC71473,2025-01-17 10:22:00,Withdrawal
TXN9262315756,ACC50252,ACC52823,2025-01-17 10:38:00,Deposit
TXN4821129470,ACC77377,ACC11572,2025-01-17 10:53:00,Withdrawal
TXN9706461583,ACC23210,ACC18968,2025-01-17 10:25:00,Deposit
TXN5819697000,ACC91947,ACC51744,2025-01-17 10:12:00,Transfer
TXN2677873639,ACC12696,ACC17457,2025-01-17 10:51:00,Deposit
TXN7999541068,ACC23220,ACC67272,2025-01-17 10:03:00,Withdrawal
TXN8857190097,ACC63630,ACC83176,2025-01-17 10:31:00,Withdrawal
TXN8419273555,ACC76684,ACC31384,2025-01-17 10:49:00,Transfer
TXN8127650690,ACC67469,ACC21488,2025-01-17 10:17:00,Deposit
TXN6489321656,ACC55326,ACC15157,2025-01-17 10:56:00,Deposit
TXN3562708287,ACC29500,ACC57773,2025-01-17 10:20:00,Withdrawal
TXN3580164111,ACC68685,ACC36989,2025-01-17 10:41:00,Withdrawal
TXN9375157430,ACC38711,ACC98722,2025-01-17 10:46:00,Withdrawal
TXN8635520804,ACC17584,ACC32226,2025-01-17 10:54:00,Transfer
TXN3642265035,ACC58817,ACC15152,2025-01-17 10:17:00,Withdrawal
TXN4373536434,ACC58423,ACC85547,2025-01-17 10:12:00,Withdrawal
TXN5519692100,ACC29209,ACC17339,2025-01-17 10:59:00,Transfer
TXN9725121816,ACC56902,ACC86151,2025-01-17 10:41:00,Transfer
TXN9841219846,ACC24856,ACC54104,2025-01-17 10:25:00,Withdrawal
TXN3964673333,ACC55016,ACC31584,2025-01-17 10:35:00,Transfer
TXN1724194072,ACC93381,ACC72286,2025-01-17 10:55:00,Withdrawal
TXN1371725692,ACC50985,ACC26850,2025-01-17 10:01:00,Withdrawal
TXN7073945412,ACC89343,ACC11124,2025-01-17 10:19:00,Withdrawal
TXN4751067640,ACC57443,ACC68403,2025-01-17 10:24:00,Withdrawal
TXN8555110303,ACC12431,ACC50278,2025-01-17 10:59:00,Transfer
TXN8858848074,ACC24867,ACC67672,2025-01-17 10:20:00,Withdrawal
TXN7511269601,ACC14110,ACC40602,2025-01-17 10:45:00,Withdrawal
TXN4828808629,ACC98880,ACC43497,2025-01-17 10:27:00,Deposit
TXN8847738852,ACC84364,ACC47327,2025-01-17 10:26:00,Deposit
TXN8902547494,ACC14105,ACC72307,2025-01-17 10:50:00,Withdrawal
TXN5149461862,ACC10098,ACC31423,2025-01-17 10:36:00,Transfer
TXN5792754437,ACC50000,ACC92966,2025-01-17 10:27:00,Transfer
TXN4939876794,ACC40458,ACC54669,2025-01-17 10:34:00,Transfer
TXN5124329693,ACC49933,ACC88043,2025-01-17 10:49:00,Transfer
TXN7729611030,ACC48564,ACC54219,2025-01-17 10:11:00,Deposit
TXN3969911632,ACC67884,ACC13991,2025-01-17 10:35:00,Transfer
TXN6822416237,ACC98500,ACC12069,2025-01-17 10:54:00,Withdrawal
TXN8918643323,ACC22774,ACC61845,2025-01-17 10:43:00,Withdrawal
TXN2644019441,ACC69928,ACC15272,2025-01-17 10:07:00,Withdrawal
TXN7066384355,ACC45635,ACC93414,2025-01-17 10:22:00,Withdrawal
TXN3386767631,ACC59588,ACC63706,2025-01-17 10:36:00,Deposit
TXN5268233590,ACC76335,ACC44209,2025-01-17 10:52:00,Withdrawal
TXN9728180847,ACC83660,ACC31355,2025-01-17 10:01:00,Transfer
TXN3181213064,ACC79424,ACC13917,2025-01-17 10:15:00,Transfer
TXN1983335898,ACC41052,ACC95407,2025-01-17 10:31:00,Transfer
TXN3785811199,ACC45754,ACC56026,2025-01-17 10:57:00,Deposit
TXN2136436539,ACC85339,ACC40432,2025-01-17 10:04:00,Deposit
TXN3610926310,ACC64812,ACC14886,2025-01-17 10:21:00,Withdrawal
TXN2064272646,ACC44202,ACC82680,2025-01-17 10:37:00,Transfer
TXN9293693445,ACC60880,ACC94809,2025-01-17 10:32:00,Withdrawal
TXN2348724644,ACC97883,ACC71524,2025-01-17 10:37:00,Withdrawal
TXN7250272568,ACC49715,ACC10486,2025-01-17 10:31:00,Withdrawal
TXN7758936451,ACC39682,ACC62283,2025-01-17 10:55:00,Deposit
TXN4930471112,ACC28678,ACC21230,2025-01-17 10:02:00,Withdrawal
TXN6661892244,ACC43334,ACC31560,2025-01-17 10:18:00,Deposit
TXN9210129507,ACC98981,ACC73310,2025-01-17 10:30:00,Deposit
TXN2679491739,ACC69673,ACC60940,2025-01-17 10:52:00,Deposit
TXN6073923771,ACC31273,ACC75160,2025-01-17 10:17:00,Withdrawal
TXN9550044170,ACC45335,ACC10363,2025-01-17 10:39:00,Deposit
TXN2106828046,ACC68992,ACC32882,2025-01-17 10:43:00,Transfer
TXN9649254386,ACC13948,ACC71806,2025-01-17 10:36:00,Transfer
TXN7395336359,ACC79886,ACC14903,2025-01-17 10:49:00,Transfer
TXN2215717837,ACC95972,ACC50750,2025-01-17 11:00:00,Withdrawal
TXN1676848215,ACC95938,ACC18507,2025-01-17 10:54:00,Withdrawal
TXN2479413280,ACC76523,ACC95234,2025-01-17 10:59:00,Transfer
TXN3992032184,ACC16789,ACC21980,2025-01-17 10:02:00,Transfer
